id_global,url_descargada,ruta_imagen_local,estado_descarga,http_estado,bytes,imagen_sha256,imagen_ancho,imagen_alto,formato,imagen_dhash,imagen_sha256_pixeles,fecha_descarga,error
MET:307449,https://images.metmuseum.org/CRDImages/ao/web-large/50407.jpg,data/images/met/307449.jpg,ok,200,120548,71df166b6ab3a905971a0c924cffd9b078b7f3ed2d5fbdb58341c3fb563d492d,450,625,JPEG,acbc8c8c9c949c8e,a57e219fa4c8dd0f4b1ae699c553ebc8280f6771065f0a7cf9606fa9c1fe5bd5,2026-10-05,
MET:307677,https://images.metmuseum.org/CRDImages/ao/web-large/DP18485.jpg,data/images/met/307677.jpg,ok,200,159169,3765669c2cba06a53d6321b28e0644dc77012abcb5cc65b21c9c805cb736e65f,489,625,JPEG,677331157b353559,3d7d99ed5a5ed46b2f56c641c41726a93d18ce5462811ca9dab4b6238b1b7e1d,2026-10-05,
MET:307679,https://images.metmuseum.org/CRDImages/ao/web-large/DP18487.jpg,data/images/met/307679.jpg,ok,200,167702,ee2129b49ee7440775ff5062e32fe3a705e3e8b4dbfaab76b9f65e4fd025f2e1,489,625,JPEG,395a4b650d352509,596a0ed782f6f49602ce07f3c99e463058de0a30790b34e6f6654ff491f915bb,2026-10-05,
MET:307682,https://images.metmuseum.org/CRDImages/ao/web-large/DP170923.jpg,data/images/met/307682.jpg,ok,200,39384,74ac256fd7ace2e3cb02efbb90a7ac958d6e676c73608f295271a483fe63ba1d,130,623,JPEG,f0e4e0f8e6eafae6,9563ba4aa74720530733b5e514f0d1a2809d9c315093cefb39654e1a2d9498e6,2026-10-05,
MET:307683,https://images.metmuseum.org/CRDImages/ao/web-large/33.149.76-94.jpg,data/images/met/307683.jpg,ok,200,86853,395b71392c963c299a8db4e6b236c739ca70403bc46f6927777651d00a29bcd3,600,450,JPEG,0bcaacbc4a9e8307,864968b7e2daa4ab5185df831079cf77dbb945043eba233042c14b1fead97e10,2026-10-05,
MET:307806,https://images.metmuseum.org/CRDImages/ao/web-large/vs09_50_1085.jpg,data/images/met/307806.jpg,ok,200,152397,e122dad5fda63962bc0af30d8e92d67f69f5fb37a7b88c14c5988dc0cf89d49d,600,584,JPEG,c8c4a49088c4e464,4c6b697dc0138132613da40e1e1607482e157f1a2c81746759df1b936b12e644,2026-10-05,
MET:307836,https://images.metmuseum.org/CRDImages/ao/web-large/DP101287.jpg,data/images/met/307836.jpg,ok,200,147665,f2b061dae67f80cfd09d53041dc34d502a6144c1a1e3a55a93bd5647fbbe5b18,600,574,JPEG,8cc8f0f2dadacac4,3cd5e17b7e2e5fb1d05febda08803d127ddab298f66858d4efe9f991966ca588,2026-10-05,
MET:307841,https://images.metmuseum.org/CRDImages/ao/web-large/DP18589.jpg,data/images/met/307841.jpg,ok,200,90447,e893160e08df1362a1ec7c6285b2b659326e35e94a924a599c655e5fd650eaa0,280,625,JPEG,ecae9a8ae6b6d4f0,f850435207089c0c2bace2f976f15e9bddd1f572088dbeb84c0122cc6b78cfd2,2026-10-05,
MET:307842,https://images.metmuseum.org/CRDImages/ao/web-large/DP18689.jpg,data/images/met/307842.jpg,ok,200,68575,fe901eee0744084b7c91e46f2624fb9540980ae3559bdfc857978bed71baf60a,299,625,JPEG,a7a69ac8d0d49490,a4506395547d22ca481a0c793b0862b3f100ae20b0c7e4c45061da09b1e838b8,2026-10-05,
MET:307843,https://images.metmuseum.org/CRDImages/ao/web-large/DP18590.jpg,data/images/met/307843.jpg,ok,200,89215,df0405cd22b67798cb6ee9e1ecd780a4321a49b97959b150b0b0c95a4b234091,405,625,JPEG,b4eaaaa8e8e8d4d8,8ae54df8ef1eb8bc03decd72f4c68a46fd83203e4844d241d74f265e6bb524fa,2026-10-05,
MET:307844,https://images.metmuseum.org/CRDImages/ao/web-large/DP18605.jpg,data/images/met/307844.jpg,ok,200,107611,16906874c95ea0302f04a927ba9654cb130daaf93436aee0fcd79fba2c719199,435,625,JPEG,aab2d4d4f4ccdcf8,d2a5b6574ba26124f133c9b05f69a874878c029229362fbdd02d96a5d62358be,2026-10-05,
MET:307846,https://images.metmuseum.org/CRDImages/ao/web-large/88392.jpg,data/images/met/307846.jpg,ok,200,138355,44468a89abe55652ff7c829dd9690f40a6b3bb2200aa0c137d70c71d8f3a61d2,599,558,JPEG,80a6a2a2b2baca8a,0c6b072594ef46f047ed2db03d62ce99305829d26a08782c7246c122c63b7de3,2026-10-05,
MET:307851,https://images.metmuseum.org/CRDImages/ao/web-large/DP18456.jpg,data/images/met/307851.jpg,ok,200,149257,fde0924e7faedd4423c98a7a23026ce1bdf912b46492e3363a74d9686368b355,490,625,JPEG,a646271b134303a3,abf02c47b7b89f672214cf8bc0c811ed68a89371e6ea328c6d6fbce36fdc6fd8,2026-10-05,
MET:307852,https://images.metmuseum.org/CRDImages/ao/web-large/DP18481.jpg,data/images/met/307852.jpg,ok,200,186108,1cc53a7d9ac3f0f9f92588b8a482b29f72f95f2c8cdb62ffcd0a62d457f743e9,496,624,JPEG,48d4b44a054a5269,a862ddda9cc41bbaa960b6f2bcac6513850bad4bdb8ceed449b83c2fe1055466,2026-10-05,
MET:307853,https://images.metmuseum.org/CRDImages/ao/web-large/DP18565.jpg,data/images/met/307853.jpg,ok,200,76732,94607444e5b78bc0145f2dba82c304e27ab31eef1b9740039b49f7c5a81ee4f9,599,461,JPEG,e0c084c8c8e492c2,18b86e91e77cc797a9e9ff1ef3d7aa0baf43030a8e93780aa05837696d41fd31,2026-10-05,
MET:307933,https://images.metmuseum.org/CRDImages/ao/web-large/LC-28_64_27_TMSa.jpg,data/images/met/307933.jpg,ok,200,295683,7a25a3bc8e39b088ccd81cbfdc3dd1aebb1d94a9bdbc0dafcc6d2e0b56fa9b47,599,397,JPEG,f8f0fcfcfcf4d8b9,6d9d4ad8a00f831e175879d700db8ad485f94756e0cd5039d6a29ab54c49fb3c,2026-10-05,
MET:307940,https://images.metmuseum.org/CRDImages/ao/web-large/72153.jpg,data/images/met/307940.jpg,ok,200,168068,a8dabd4a1e188f9717b968298fdef513db5f8879999cf045936b14ffbdc78e54,484,624,JPEG,b2968adcd0a8e4e4,75c29dc9ec5114b27961f9ee698ad050ab430ec3d6ad5a1f286baff7d3ccc792,2026-10-05,
MET:307941,"https://images.metmuseum.org/CRDImages/ao/web-large/DP18687_28.171.4,1.jpg",data/images/met/307941.jpg,ok,200,121230,f318a6954cbdbc096875490d0c4d3454d5b6d83dc8d648e237a47466c9ffd46a,374,624,JPEG,b6b232b0bcb092b0,29ec9efad6e74ca2ce870111eed0d5d17b12284b283a73ffe48136ef8a8363fa,2026-10-05,
MET:307943,https://images.metmuseum.org/CRDImages/ao/web-large/DP101351.jpg,data/images/met/307943.jpg,ok,200,100656,09eac78931a524c0196b7b8faf5ed761cddb3bf08338ff389e456d385828d6b8,403,624,JPEG,c2c0c2c9d8bcb8bc,e4487d75f9b093f256841630cb49b3cda326d3d2a137c379c320bc0c6de327b1,2026-10-05,
MET:307944,https://images.metmuseum.org/CRDImages/ao/web-large/LC-28_171_7_TMSa.jpg,data/images/met/307944.jpg,ok,200,197589,3c0329b089fff5865099cf99d9c8b132a24adacd20e7ce272cfff6824c6bba01,599,397,JPEG,0301c1ccb0800101,e2bd568a1e7a68b44d15a0e89b0432eae52eaf57b132c5d27e0e16e8de6104bf,2026-10-05,
MET:307950,https://images.metmuseum.org/CRDImages/ao/web-large/DP233569.jpg,data/images/met/307950.jpg,ok,200,93953,6276f916045a7e518e4175f4b2367b1b40fcd9a60a41bc406de448a5ce729470,599,473,JPEG,00b2b296b2f0d4c6,0bc58a79139c3002f6ffbe09c05f51b4e4d8748ccaa3c8f72bce6136e4f72c2f,2026-10-05,
MET:307953,https://images.metmuseum.org/CRDImages/ao/web-large/DP18444.jpg,data/images/met/307953.jpg,ok,200,50748,085f789d88230e231568527056361db6d8809b8eb2ede669627bf2af912e2446,599,180,JPEG,78f2b0bcd8cccc8c,2f4c6ad5dccd9cab3c0dc58db9149e8c2ba1752abc8055fbefb20de06be22b0d,2026-10-05,
MET:307959,https://images.metmuseum.org/CRDImages/ao/web-large/29.146.8.jpg,data/images/met/307959.jpg,ok,200,21886,7c8d0aa71d2639124e27abcdbf7453d2ee46ffe34f79705b2ebca5cc4dbb2e2d,595,99,JPEG,1e7f0f0f17134809,572760fa8016f672023a16ad7a35cbe35e9b8139a2dbf08db4fb8be173ae8fef,2026-10-05,
MET:307960,https://images.metmuseum.org/CRDImages/ao/web-large/29.146.9.jpg,data/images/met/307960.jpg,ok,200,48757,cb19d0c4a7309fcb4706704cda7836122baed68df0bb02f853d9b1d573e9105c,598,171,JPEG,17221a1e4e5efe7f,85acde37364728ca3a57baa8d0f59a836e8e57000b74de49fa49f5edcf388000,2026-10-05,
MET:307961,https://images.metmuseum.org/CRDImages/ao/web-large/75153.jpg,data/images/met/307961.jpg,ok,200,77376,9a488c04b197a92d516e22d40f20e6497208f74e988b5285dec0daa34420a76b,294,624,JPEG,dcf8d0d0d4c4ece4,32a05413fe3df3c785dbac0c765d47fdd7e00e086915d4107f30baf778f00e36,2026-10-05,
MET:307962,https://images.metmuseum.org/CRDImages/ao/web-large/29.146.11.jpg,data/images/met/307962.jpg,ok,200,163411,e82dc9fa1958a3b26cc5d61234ba932d34bd06553e79772e775bd0ffa477dd50,599,554,JPEG,b0aab0b0f2c444cc,e50d8089e4cb26e2d2d69ad8e5123abfc8892ebbd3093e28504d063b71ac1996,2026-10-05,
MET:307963,https://images.metmuseum.org/CRDImages/ao/web-large/DP18609.jpg,data/images/met/307963.jpg,ok,200,87639,a21155be498094d94d2d9340b43adb20706bbdd5b67f720a0ad19c076886254a,433,624,JPEG,e8ecdaf0d2d2d291,3fb54080e5575f2acf258eaf7d5070960901dee97ee04d33b1da5298373f6bb7,2026-10-05,
MET:307964,https://images.metmuseum.org/CRDImages/ao/web-large/DP18634.jpg,data/images/met/307964.jpg,ok,200,23153,47ac6d0682cc8349bd9f76b6e31c1e1dac575cd31587e101e2292d912dfe12ae,598,128,JPEG,a4645be4f99e60f0,3d17fe8d9f0da135e4bc31fb243a74b3a2dc2c54baee38e202ac686eef672ed4,2026-10-05,
MET:307965,https://images.metmuseum.org/CRDImages/ao/web-large/DP18634.jpg,data/images/met/307965.jpg,ok,200,19163,415bf5a5f6ebd1138310f96c925b6734f12c38a21a5b44c494f69215f54564e3,598,128,JPEG,a4645be4f99e60f0,3d17fe8d9f0da135e4bc31fb243a74b3a2dc2c54baee38e202ac686eef672ed4,2026-10-05,
MET:307966,https://images.metmuseum.org/CRDImages/ao/web-large/29.146.14 -15.jpg,data/images/met/307966.jpg,ok,200,39578,1395d1f9137bdb31c92a2c0817418d6bcf8a47f61869a213089f3e7b8bce701e,599,169,JPEG,2a8b8f831949eb23,07f26854e7190d7b6a08633883e2aa827ab715ad4013f52ebf3dc2b8201f6d57,2026-10-05,
MET:307967,https://images.metmuseum.org/CRDImages/ao/web-large/29.146.14 -15.jpg,data/images/met/307967.jpg,ok,200,39528,364d17c427d0ad13629ea08387fa7290c68f3d38df2d7d6b8d01d7d1ed74e799,599,169,JPEG,2a8b8f831949eb23,07f26854e7190d7b6a08633883e2aa827ab715ad4013f52ebf3dc2b8201f6d57,2026-10-05,
MET:307968,https://images.metmuseum.org/CRDImages/ao/web-large/29.146.16.jpg,data/images/met/307968.jpg,ok,200,35090,99fd0b87141311ebec86af29000e4bb2dd667abf01e7de0864d091cf22fea505,600,131,JPEG,e004161c0c0c2f13,fbaf972cfd97d70e31633f3b2017b0aecd3580d20e4a0b764bbf64105d1c7fab,2026-10-05,
MET:307972,https://images.metmuseum.org/CRDImages/ao/web-large/DP18617.jpg,data/images/met/307972.jpg,ok,200,64983,3ef32d16886c15b5f2543f8fae0ad540417a2c63d2383d5282d9c408015a75b8,196,623,JPEG,c8c8d8d4d4f4ccc4,11cf651a6359cc9b37bc1583e6ccfb68ed14f154fdf4074b7918c0cf1bf55f0c,2026-10-05,
MET:307975,https://images.metmuseum.org/CRDImages/ao/web-large/DT829.jpg,data/images/met/307975.jpg,ok,200,198253,465ac3f1f3c289e5881128d230751e92559ba3d89b35c75d76b435c145932e48,599,302,JPEG,5aded6d2d0ccc4d8,3923d73806da402f47622f084da52381c75a21fd7383937f4620b2a3cb9e9679,2026-10-05,
MET:307977,https://images.metmuseum.org/CRDImages/ao/web-large/DP158699.jpg,data/images/met/307977.jpg,ok,200,154928,cbb22dc0fe71497e7ee81be62bfa91f817063c4e5f9691688f33842176461f8c,508,624,JPEG,2133338f96b28eee,4b7e9a15fbc4e0a0464647f161d2f77576c064cfd418db584854999188807951,2026-10-05,
MET:307991,https://images.metmuseum.org/CRDImages/ao/web-large/77991.jpg,data/images/met/307991.jpg,ok,200,114395,09c61f91f36ffa6a9b6a0fb17acb5c247e26fbe49e28c76f1098b13727da6dc7,457,624,JPEG,81cc96a2cacab68e,1442403c26cb3998cd046ab5d1fc8c794c19b73681ece8c32b04c24a922c453f,2026-10-05,
MET:308015,https://images.metmuseum.org/CRDImages/ao/web-large/DP18635.jpg,data/images/met/308015.jpg,ok,200,136559,119395f440650299292c7bf92c2a8c676aaa1e72aaa3056ff4a3d9085f6f09c1,498,625,JPEG,a2d0b2a2dae0a2e6,f323fd53be1f0e5dfa321a9dd0ee248d25d89f022b1a94cf15b93ae89d7b027a,2026-10-05,
MET:308016,https://images.metmuseum.org/CRDImages/ao/web-large/DP18620.jpg,data/images/met/308016.jpg,ok,200,162601,bd453d8bc864211d34a01affb841a183b3e24a3bd763fa8a1204ae2e580c0d51,466,624,JPEG,b2aaaa9292b4969c,8dab85f0fe4ebee8803cd5dab66eae725b93dbb25b9b37c26673892b514d47ca,2026-10-05,
MET:308017,https://images.metmuseum.org/CRDImages/ao/web-large/DP18640.jpg,data/images/met/308017.jpg,ok,200,136491,61edc27bb31920247a31433389ab3aa5428eeba716e3c042de731c7ef51c705f,564,624,JPEG,b8e8a6e6a2626ee4,39365f741fdbe3b70131379490ea4623a31417cd363f83487efa368367d905d3,2026-10-05,
MET:308021,https://images.metmuseum.org/CRDImages/ao/web-large/DP18587_32.32.8.jpg,data/images/met/308021.jpg,ok,200,78355,7baa7b5fde9f76572c560303fcd44e1d5d7a1b16fdbad37fb0c30cbf268a1daa,322,624,JPEG,a4e0d0d0f0d29292,af7123a5266ed846bfba7e19430d077ef84b7dbf0308da696d05cfab583d8080,2026-10-05,
MET:308022,https://images.metmuseum.org/CRDImages/ao/web-large/DP-26534-001.jpg,data/images/met/308022.jpg,ok,200,137903,395d9ba3ae99a77d78c2e2594c18e67ad18e738a48a37d926c80899436600647,473,624,JPEG,12336169e8e8c82d,843f47419616df1ecaf25feea0d7a22c82375d7623b5aa2d8503c61b04b09ac9,2026-10-05,
MET:308023,https://images.metmuseum.org/CRDImages/ao/web-large/DP18585_32.32.10.jpg,data/images/met/308023.jpg,ok,200,92114,1d7f2e728dff7018b22a1f901171b8baf37dba2c2ff4302ca465bbe1a17c70a0,342,624,JPEG,f8ccc4ccf4ecf0f4,620e9d2b009689ea49792290b1ad55fcb04e5a3a91ec06d88ec24fd9dcdb31bb,2026-10-05,
MET:308024,https://images.metmuseum.org/CRDImages/ao/web-large/DP-26535-001.jpg,data/images/met/308024.jpg,ok,200,154863,f126d65c9ee2b5ceca0a19a2010ca5dc0ea16faac601cf3bfe7bed5b8c967cea,415,625,JPEG,323269e9e0e8f070,89f3395b138c6efdc28af60cdc4cea41be387dc1e35885c04c101ce1eb668a73,2026-10-05,
MET:308025,https://images.metmuseum.org/CRDImages/ao/web-large/DP18593.jpg,data/images/met/308025.jpg,ok,200,87096,d1cab98a730c6ea5412d24f9c100a9175803558a45e50f3829dae6bd045530fe,265,625,JPEG,daa486a4d4c0e4e0,dbf7cbc50a9a34eddbb2e13f0db9a0568586416e3c2f9c6ed59a4a32a3e39abe,2026-10-05,
MET:308026,https://images.metmuseum.org/CRDImages/ao/web-large/DP18586_32.32.13.jpg,data/images/met/308026.jpg,ok,200,76552,cba523ccba652d1e3986bbdad886c1feb71b9bcc8d3bfab0147af8752d135a33,299,624,JPEG,335694d4d6f4f4b4,061b8131faff165857cc3aa033bb526bac480c5dfcd21a6de58e852664618c56,2026-10-05,
MET:308027,https://images.metmuseum.org/CRDImages/ao/web-large/DP18600.jpg,data/images/met/308027.jpg,ok,200,97179,b7760b9ef45ab2f9c8482b88a540183ef54a4b38e749977d2c35e3a737873ab5,303,625,JPEG,9878b8b4c880d498,17b3afe8c133329f2d75cc6f67d35bbe501336f4b4bd3d609640784e0de625ae,2026-10-05,
MET:308028,https://images.metmuseum.org/CRDImages/ao/web-large/DP18595.jpg,data/images/met/308028.jpg,ok,200,131249,c4419f89cb0f3179c78cf5628e063594497ffacf131ef25988aadc6a8dbac0de,447,625,JPEG,c05852dad2da9ce1,16f9842911e71b4d52117966a7c779c9fb7a072f3af58ec23d77fd1460c58d9d,2026-10-05,
MET:308029,https://images.metmuseum.org/CRDImages/ao/web-large/DP18594.jpg,data/images/met/308029.jpg,ok,200,116691,caac58ccfcc2e37da84da951ed06cc2e0e100965513ca84477b89d7e1a3b9af0,325,623,JPEG,cdcce8c0c4d6b4b4,0f0cc081f54b8aafa38138f41e68a5e026791edc13f5b378cfc3f85c85cbc86a,2026-10-05,
MET:308034,https://images.metmuseum.org/CRDImages/ao/web-large/DP18571.jpg,data/images/met/308034.jpg,ok,200,70976,989b0e7623bed8c11deb43fc8613e0ded7505a2d40771141919caf44292f0182,600,381,JPEG,f6bef6d69899d9f8,ede911fbb71847481a4ad05d48fbbff10821c3a24f23a72d3586e1e49bf45649,2026-10-05,
MET:308035,https://images.metmuseum.org/CRDImages/ao/web-large/DP18570.jpg,data/images/met/308035.jpg,ok,200,64009,de8e1908ed3aadbd9ba0c2a8ded49b4e93869b86205aebc1dd9fd44219544d2e,245,624,JPEG,a8ccaad2faaabaec,135e97849b95ebaca8273a03b3d7b0aa5bac9e4f4d51f26f641784891b429f35,2026-10-05,
MET:308036,https://images.metmuseum.org/CRDImages/ao/web-large/33.149.1-67-70-76.jpg,data/images/met/308036.jpg,ok,200,68068,73e88939d67186084833ae2d3f71b02db1386c217ad666daa9811764c8b2740b,600,427,JPEG,6fa683876e66321a,4d82c51e6241fe7d1ba3c455a606ef3c68b8910a065dfec02a10a386cbf4a841,2026-10-05,
MET:308037,https://images.metmuseum.org/CRDImages/ao/web-large/DP18551.jpg,data/images/met/308037.jpg,ok,200,24585,1a25ec89ea2665c265445d07452303cfbb548d4379a34736a904022040e1b69c,108,620,JPEG,d4e4eccecac6d4fc,a35d966b9f5d0a442a29aee1e047d3c25007e57376108c217c6fdaa38029e2c1,2026-10-05,
MET:308039,https://images.metmuseum.org/CRDImages/ao/web-large/DP18447.jpg,data/images/met/308039.jpg,ok,200,177366,6f9078a3e1170c61403f55f2257aad27bd4b424fffa0392e288d0191c9e6984b,600,522,JPEG,d2c3eba367ced8b1,ab874713e3cd4075b74e3c1f897a5fecd3dacdb626d2470640fc066812c13bd2,2026-10-05,
MET:308040,https://images.metmuseum.org/CRDImages/ao/web-large/DP18451.jpg,data/images/met/308040.jpg,ok,200,177277,810a87cb13a6e20153c778c70c7b88c360c8f257f83af4061bc1d41e767760a0,600,522,JPEG,b29cb6a696c6ccf1,c29087743b55c2ec0f57db392a388b6ef7ba8721ca162df0f2696318a922fc67,2026-10-05,
MET:308042,https://images.metmuseum.org/CRDImages/ao/web-large/TP391.jpg,data/images/met/308042.jpg,ok,200,257188,a8f29004681fe221d79997b9a46e840c68cf7b2cc9892d92ee982b8e898ec198,599,383,JPEG,31f4a28a86e2ac8d,c6e0dd67cc4cc12b152fd741ffa5792c3834a6bee4f50a7fe73587cf35cc13a4,2026-10-05,
MET:308044,https://images.metmuseum.org/CRDImages/ao/web-large/DP18526.jpg,data/images/met/308044.jpg,ok,200,33202,47c23c131df739537c2bc6ede2911e9bd4a3493f393c32b7067c22fa67430bf9,133,621,JPEG,d4c4c4d4d4dcf4c4,a9be73e27b4f06b4e8a1227ea1dfecf9cf339bcbfe35fea0362684c4a6f63d2b,2026-10-05,
MET:308046,https://images.metmuseum.org/CRDImages/ao/web-large/DP18569.jpg,data/images/met/308046.jpg,ok,200,118579,18b5672aade11c9ca68847bc8b5ed6e202a781864bc27874da930ebc159ee284,598,264,JPEG,e4c544f8cc54decc,e5ba420c11b23796d8c1f5897b84715b494e5758201406dda91dbe401dbaa316,2026-10-05,
MET:308048,https://images.metmuseum.org/CRDImages/ao/web-large/DP18558.jpg,data/images/met/308048.jpg,ok,200,92512,f2081318447e9c6a971c17eba03f2c37d05c3214db656d8b2070313d5a21bfe5,343,624,JPEG,bab2cabadadaf2f6,4c98a61a092926bc0d91f2ee2c4b39f5d433d29a0ed675db58e67a7b13cd4769,2026-10-05,
MET:308053,https://images.metmuseum.org/CRDImages/ao/web-large/DP18553.jpg,data/images/met/308053.jpg,ok,200,110202,23f8df7462ddaa8bf43f83d33a521f77d72ef2c218cc4a5bec12f5e532f26826,416,625,JPEG,90baaa9890a2a0e2,de468cff9fe69b26680d5fd899f7a314aa349363fe1427714781d7d358baf318,2026-10-05,
MET:308056,https://images.metmuseum.org/CRDImages/ao/web-large/DP18567.jpg,data/images/met/308056.jpg,ok,200,106789,b04d3efbedc70697d5a2377eea1d79715ec091b1265af432e2afa3dd46f39126,442,624,JPEG,5169f55454377693,b1177b5b7c76974a708d4981dac1fbcd696c51d27afc19a769d375ee23606f24,2026-10-05,
MET:308057,https://images.metmuseum.org/CRDImages/ao/web-large/DP18568.jpg,data/images/met/308057.jpg,ok,200,106768,94f9a4e9790f7a3babe8ea1b07cfe1319a8628b0d83228269173581e590bc400,442,624,JPEG,412927677767f7e3,3bd56b91a12fc6b91407cd03687b97da5f0efdd7dc73151e4ebb5523dfa75da5,2026-10-05,
MET:308058,https://images.metmuseum.org/CRDImages/ao/web-large/DP18549.jpg,data/images/met/308058.jpg,ok,200,78741,1155da745c5e43496766927993ab4f62f62f50d4e9d33755824b7bb808734812,599,392,JPEG,e2b2b2b0a6ca9a92,12fa441df495985c5cacfd603a592c7a8d9d1bedf5d1e01ce04d06590353a48b,2026-10-05,
MET:308060,https://images.metmuseum.org/CRDImages/ao/web-large/DP18547.jpg,data/images/met/308060.jpg,ok,200,56211,60b907cf0b0571402944add3d28def3ca25002233870221d612ea1b2cca8fd39,245,624,JPEG,ded2aaaaeaa2bcaa,9e5f8c89cf63b7046dd825942da7554cc4e35541a82d669551c27a2be795fe60,2026-10-05,
MET:308068,https://images.metmuseum.org/CRDImages/ao/web-large/DP18539.jpg,data/images/met/308068.jpg,ok,200,57519,9adc9ea4c4fb0bb5654ec5622525c7a04155d69cf3fc2aa7724b1df1076269c1,219,623,JPEG,e4e4f0d0e4e0e4e0,a8d1c46abcd83c6d0c7d0ea78b83a754af5689d8626c4536b875f195efc69140,2026-10-05,
MET:308070,https://images.metmuseum.org/CRDImages/ao/web-large/DP18537.jpg,data/images/met/308070.jpg,ok,200,90074,87a2f7ce221d0891f2dba36775c7d602c2ab9bbf4a5d82cd09033a81f9a2505c,439,625,JPEG,92ba8ec48c9cacec,358f9adfe67142d7cab7e5d3dd577d3c0d58a4f6b65d3aafbf488b3ccc9df62b,2026-10-05,
MET:308072,https://images.metmuseum.org/CRDImages/ao/web-large/DP18535.jpg,data/images/met/308072.jpg,ok,200,97674,6d30e8c4339464472dc0d2dc45f4a36b8c18f3ca03ce879207b3c50a179ec7b2,439,625,JPEG,a6a6aeb2b6a2a28a,8bfd27e02d8c1b97af9e9f90ed5cc86c446eed94c2f8d66c34f1c6124bbefb10,2026-10-05,
MET:308076,https://images.metmuseum.org/CRDImages/ao/web-large/33.149.41.jpg,data/images/met/308076.jpg,ok,200,125951,3d55e3fd11899dd8f00921dd96081f6c3db977febe4c439449302120166ac088,600,450,JPEG,dcccd4dcfcd4c43f,1f61e4b2c972ad4ad761ea577f0957040489411a4c90391008b8a9e81d095e77,2026-10-05,
MET:308077,https://images.metmuseum.org/CRDImages/ao/web-large/DP18450.jpg,data/images/met/308077.jpg,ok,200,189143,8245ec4bf2f84cea5d539ba3aa5b4ef5f2c0e8c6ef00e01e85bac0a4d2402639,547,625,JPEG,b6e2e2a6a6e2aaa1,837c2006fe20ecb6a6048ec0c71e8bf94d8602e4ccb979bb6625618aac72e067,2026-10-05,
MET:308078,https://images.metmuseum.org/CRDImages/ao/web-large/DP-27315-001.jpg,data/images/met/308078.jpg,ok,200,85232,e35b73397fa19670fd36e60edb8316df9b82cd4a1bb986286d16768c21221f5a,166,625,JPEG,ccccf0ccccf0cccc,090bb1bf60c37b80660bd926cb5869dcbdac31d22ed6a3c12f048ed0a278214e,2026-10-05,
MET:308079,https://images.metmuseum.org/CRDImages/ao/web-large/DP18702_33.149.44.jpg,data/images/met/308079.jpg,ok,200,126062,2f09413f34841dd07a2e9c3eb864efb8bbda4592824a3230f60f618fb9f7c970,443,625,JPEG,da8996ce9666d4b0,4214bab50baa57a8f7fe0a238e8103d248c313bcf80bdd1aaa5bb939f3c4ce5e,2026-10-05,
MET:308083,https://images.metmuseum.org/CRDImages/ao/web-large/DP101353.jpg,data/images/met/308083.jpg,ok,200,96105,531ddc531012c59d61cebc1e788735f6d838903309427c3d410cc4ead1442de6,599,458,JPEG,f2b2c8f4b2a8ec98,0b09aefefc4c0ac61e3dcd731b9046d7cb33480dc04fbe96fb1a813ffbdf6f7c,2026-10-05,
MET:308084,https://images.metmuseum.org/CRDImages/ao/web-large/97502.jpg,data/images/met/308084.jpg,ok,200,31597,1ddc6e1abbfcf82916d04ff8bf00d3db5a3eaea75cc69d57e1aaee75f1e3448c,145,621,JPEG,ec646c74ece47464,14b5501022b139749d9d2a2397e43dc23184e1d07eea072805c3d86ed28e7a52,2026-10-05,
MET:308098,https://images.metmuseum.org/CRDImages/ao/web-large/DP18454.jpg,data/images/met/308098.jpg,ok,200,155699,d02cb0cb59dd9a6a1824a181856537f7403c525d45c0909b788e828620a4e46c,522,624,JPEG,9c31262a1b4f5953,0899d9f284e3f7e7206461da8548febf899e68d886cb21b5ba40dc5681c94e21,2026-10-05,
MET:308100,https://images.metmuseum.org/CRDImages/ao/web-large/DP18575_33.149.70.jpg,data/images/met/308100.jpg,ok,200,193359,a5c548e522d2cea65b7766180d6684323bc00079f55cec631109d3c823602469,589,624,JPEG,d0caabed8f8fb3e9,b3634eb7e86280ca7af64ee27032f893bb13eaaf241ba4dc8cbd1afb09164771,2026-10-05,
MET:308101,https://images.metmuseum.org/CRDImages/ao/web-large/DP18482.jpg,data/images/met/308101.jpg,ok,200,182947,22c8812903be7f5c20478231a6f8e39d639bdbec9ec3b7812b8d8fbd51563547,489,625,JPEG,654a610567255569,f746fba1e526bb45962a726ddf2ae56c1675d3ee4e1dcad25310330a0786a240,2026-10-05,
MET:308105,https://images.metmuseum.org/CRDImages/ao/web-large/DP18461.jpg,data/images/met/308105.jpg,ok,200,183295,13459151e6cea3542edaa714f83bcc8ef295733919451fbd550457a61f85a87c,515,624,JPEG,cd94c5859fedb559,6c96aac703049ed0d960f06de54505ff1c1562fd267b634324fc06e761d02abf,2026-10-05,
MET:308106,https://images.metmuseum.org/CRDImages/ao/web-large/33.149.1-67-70-76.jpg,data/images/met/308106.jpg,ok,200,68018,49f07a82d488612e5ed2270ea73950fb268723d0675062e89a04b59498bf0d28,600,427,JPEG,6fa683876e66321a,4d82c51e6241fe7d1ba3c455a606ef3c68b8910a065dfec02a10a386cbf4a841,2026-10-05,
MET:308113,https://images.metmuseum.org/CRDImages/ao/web-large/DP18528.jpg,data/images/met/308113.jpg,ok,200,103970,0a9cecd3453fe357f0b95f12f31da87266c52ce31f7758ff63b3762263d772b7,463,624,JPEG,d8cc96aececa94f4,2b5603f1043da4c93305524a85f693fd5c9ee1f778bb47f91db0efdbe543386f,2026-10-05,
MET:308120,https://images.metmuseum.org/CRDImages/ao/web-large/DP-26536-001.jpg,data/images/met/308120.jpg,ok,200,313040,171df171f1442e7a16e0cadced10415e89853ffe94a7217593b28940948f7983,539,625,JPEG,8e9282d2d6dedcde,b6efea83347557aca388b0ae1f56fcf576f93c419c3091cdea71157dc7a1e0e6,2026-10-05,
MET:308121,https://images.metmuseum.org/CRDImages/ao/web-large/DP-29599-001.jpg,data/images/met/308121.jpg,ok,200,182345,4aade381751eb641e197f233e18dfba660d958aaf02c0b9c221629ded44de411,593,625,JPEG,1b37cd8cbcdec8f0,2e1f28f5ad2837bdd2d3960c3144970c3c38ca4d16b1fa9afe837614a79efd20,2026-10-05,
MET:308282,https://images.metmuseum.org/CRDImages/ao/web-large/TP410.jpg,data/images/met/308282.jpg,ok,200,152933,b90ea018febe444fc6de3c5df6f4469b642d7509309cb4be09ba7123f8027344,597,184,JPEG,03a2b0b0b2e2ae13,2875753fbccb30a54f1da14ba687b4f6d12faed12afa00f04d7c47cf5870c4f0,2026-10-05,
MET:308283,https://images.metmuseum.org/CRDImages/ao/web-large/DP221260.jpg,data/images/met/308283.jpg,ok,200,169278,eafbdd4c5b13ea57d987bcb9f560d6ee78c218e0b2fe31b5761534a9aabbd93e,599,505,JPEG,142e560a86562a14,14aae152cc328fbe1d1aa563f0ff1a370a3c767cca7311701c76d9314bf2e90d,2026-10-05,
MET:308284,https://images.metmuseum.org/CRDImages/ao/web-large/169776.jpg,data/images/met/308284.jpg,ok,200,115502,ee0ac167d30726181a9600dfa3c5aaf5afca4ece172e1c8ae444ad17d8ab9c38,350,624,JPEG,9494aaa6b6b6b49a,abbee92f418ff3f903329cae168f49a28a58eda5cf97d89d3ed6ce308d102d3f,2026-10-05,
MET:308285,https://images.metmuseum.org/CRDImages/ao/web-large/169777.jpg,data/images/met/308285.jpg,ok,200,210977,2f03a8565b456a0eb3d66f8a29c3f278cab175781c10b54ba3c13579e4a1d222,581,625,JPEG,6747091947671911,1dd12fb6b76b1f8e5470a2b81fe89a7e4133284190bedc9a8d464820621bdf55,2026-10-05,
MET:308287,https://images.metmuseum.org/CRDImages/ao/web-large/DP-41559-001.jpg,data/images/met/308287.jpg,ok,200,241228,3c838767a823568edadb369323cf32666d90eab2f9cf2108d33721440b1b025f,529,625,JPEG,33dcccccccccd4d6,804d05b929f390e505f93322840ac63fb686555d6a20d3f65986cbd09460f51e,2026-10-05,
MET:308290,https://images.metmuseum.org/CRDImages/ao/web-large/175775.jpg,data/images/met/308290.jpg,ok,200,149609,b2781d9a60880efa25dde829434cdca3217531edf7915d1ccc50ed5ece284aa9,499,625,JPEG,cdd488c6a6929225,fd594b5d31098b927c1e87e087208a50ae711d2e11d6a6b80a9722be3acd6dd6,2026-10-05,
MET:308402,https://images.metmuseum.org/CRDImages/ao/web-large/DP214978.jpg,data/images/met/308402.jpg,ok,200,153102,dd29c95cf0acf5f7c7d822e1ac59c39c7824e5a6b0074a1ed410cb6a5c0e6112,600,623,JPEG,9acada94b4a6b093,459e8eb2078428cdc2fe64b43b5dd596b64f4bd2458ac75e5ce9574e0b10d4dd,2026-10-05,
MET:309528,https://images.metmuseum.org/CRDImages/ao/web-large/189514.jpg,data/images/met/309528.jpg,ok,200,44819,a95cc93ad39440d722d5c5e9d22735ac7a5b7057a370d35cfc86ebd75bda98bb,600,224,JPEG,abd4d48dd45485a3,f434c0720b1224a9f6caa017b82f40b7a45ca8e3d2740abf77e625b4033c9138,2026-10-05,
MET:310059,https://images.metmuseum.org/CRDImages/ao/web-large/vs1978_412_13.jpg,data/images/met/310059.jpg,ok,200,108792,c6d3e126403f811b1f53a67653d85511ffdb87ae48a6ea7b4c712443aee14d30,600,517,JPEG,ab92e5dbd29dae6e,1c7dfb6b2bd426e426196168ef517263654b498a89cdb5b3c875e1375e6671b8,2026-10-05,
MET:310511,https://images.metmuseum.org/CRDImages/ao/web-large/SC207345.jpg,data/images/met/310511.jpg,ok,200,49952,24d268606ad2385f915ccae8f9051be943caeb1949247e4e073775db8d452d09,600,400,JPEG,c043bab2b2bc7dc2,fc61624a6eb4b599a57080afef15ef090ee56eeee1e63efa253d5f07fa9085a1,2026-10-05,
MET:310695,https://images.metmuseum.org/CRDImages/ao/web-large/221102.jpg,data/images/met/310695.jpg,ok,200,197685,2653f1dcd3c3a8b2ec639ae601234ff5e074cad33bc35c2154657690f208d66b,478,624,JPEG,c99cf9f3e6ce9bb7,b7ae36aac11523df878d0679470212a8a68b7c7d164eff81e73ac0470f6fa93d,2026-10-05,
MET:310697,https://images.metmuseum.org/CRDImages/ao/web-large/221104.jpg,data/images/met/310697.jpg,ok,200,142418,962d70dcdbf459acca69b4988c56365b541069aaee6c13cc17ed862bf9b1a041,600,461,JPEG,5777511d1b05054d,b85618e54da840668735ee31bdd8b511eb85973e04b93fd1e88aabd6286adafd,2026-10-05,
MET:310698,https://images.metmuseum.org/CRDImages/ao/web-large/DP-26537-001.jpg,data/images/met/310698.jpg,ok,200,272900,150b9406e92e2ba651bcc6ec4e9ba2ec871e8f553addee9c67481db71b5ed68c,599,562,JPEG,6579696939293561,da3dee0f397109da65cc2bbcc1eca144dc5a6d65962b04d69ab8d913d2e71174,2026-10-05,
MET:310699,https://images.metmuseum.org/CRDImages/ao/web-large/221106.jpg,data/images/met/310699.jpg,ok,200,201769,fc2ba9f7bc6109802a1384195132e67af1b8acfa34216554e1200181abeefa37,574,625,JPEG,d45d7971fd6953d1,84be3254614149b21fd305c134fa561e4b368b008665171f330c726385cb2389,2026-10-05,
MET:312614,https://images.metmuseum.org/CRDImages/ao/web-large/TP411.jpg,data/images/met/312614.jpg,ok,200,221227,2dede7eeec82cdec63510f84499d6b78706e1ef6e2360f836d66343c89ffbe3a,297,624,JPEG,e8ec60706c7c7c74,67192afca143890df3f00d922a254e8469277175715d8ee1e17c8be409488ee4,2026-10-05,
MET:312615,https://images.metmuseum.org/CRDImages/ao/original/TP412.jpg,,error,404,,,,,,,,2026-10-05,https://images.metmuseum.org/CRDImages/ao/web-large/TP412.jpg: HTTPError: 404 Client Error: Not Found for url: https://images.metmuseum.org/CRDImages/ao/web-large/TP412.jpg | https://images.metmuseum.org/CRDImages/ao/original/TP412.jpg: HTTPError: 404 Client Error: Not Found for url: https://images.metmuseum.org/CRDImages/ao/original/TP412.jpg
MET:312669,https://images.metmuseum.org/CRDImages/ao/web-large/1979_206_459_EX_01.jpg,data/images/met/312669.jpg,ok,200,110904,e0cca1cb4fd81e5547c39e83e71c8ecdeb481a675b6d77950f5ecb1475f48699,599,338,JPEG,1fb2bc989ab6b43b,33d11a891c99f8b22325cda51bca1f1543b82a18f785066ea9672ab5fdc98fbb,2026-10-05,
MET:312674,https://images.metmuseum.org/CRDImages/ao/web-large/DP-15008-011.jpg,data/images/met/312674.jpg,ok,200,115849,fc8026c3bc066bd2343be2ea8f4f4fdc6ce7bf0ca9d2e9920b55ff413561f279,599,267,JPEG,58a4a5e75a1a58e1,843ba42ec681e6245f5ac57382b5ee93b156715694463f673a5526528a6c06d3,2026-10-05,
MET:312676,https://images.metmuseum.org/CRDImages/ao/web-large/DP-15008-005.jpg,data/images/met/312676.jpg,ok,200,93499,d2a44030992c3cf353bd135ecb9c6a241dbf21598d48dcf16f7a10e2b364f3fc,599,267,JPEG,78a2a5e75a1a58e1,3a24a78a5240b92d3bd525461638dc0bde0bb57f7341d5ffa2d79c0c96c52a35,2026-10-05,
MET:312677,https://images.metmuseum.org/CRDImages/ao/web-large/DP-15008-008.jpg,data/images/met/312677.jpg,ok,200,63233,2f3a3d3faca599a755ab4a1794f847d3d7d974ca1c305789e22e458039f9e5ac,599,267,JPEG,7880a5e65a1ad8e1,ceb67f9fd37be5bca58e84bec75e36779d2672070ae31570f27ca9ebe256ca9f,2026-10-05,
MET:312678,https://images.metmuseum.org/CRDImages/ao/web-large/DP-15008-013.jpg,data/images/met/312678.jpg,ok,200,107962,a46dbafeca15d07a51a482d4c499bd37d67152ddbb239dffb683a318ff90d074,599,267,JPEG,18a4a5a75a5a58c1,43fbca231907c11d9a6fc67032cc8f51c52bffac5e4a6535ca347002cf0dd2aa,2026-10-05,
MET:312679,https://images.metmuseum.org/CRDImages/ao/web-large/DP-15008-012.jpg,data/images/met/312679.jpg,ok,200,111255,636a91f6d733e3b92a863a7f1ef907e573a8eb1857489a70c4026c31df533225,599,267,JPEG,f8a4a5a55a5adae0,ed6d9072a7a540d8dd30444b3a64ece90a3411959709b612a7bf606eaaf6973d,2026-10-05,
MET:312680,https://images.metmuseum.org/CRDImages/ao/web-large/DP-15008-006.jpg,data/images/met/312680.jpg,ok,200,89817,79132078ec9c5bbb0ec1d43c5d17b2baabce50e5320dae003cfd3c67609f9b6d,599,267,JPEG,7880a5e75a5ad8c1,08ddca5fed00f83bf937c2ab241a3195b555e8dc785c32cb95ca60a9247752e4,2026-10-05,
MET:312681,https://images.metmuseum.org/CRDImages/ao/web-large/DP-15008-007.jpg,data/images/met/312681.jpg,ok,200,85268,ae3713123bac25b8b5387c1284e1be878aff6956a838bb06d27d14ef1fa02382,599,267,JPEG,78a2a5e7da5ad8e1,62c415c3ab3f63f30a0552a617562c1d34c5c4228aa2508318502bdf435f7611,2026-10-05,
MET:312682,https://images.metmuseum.org/CRDImages/ao/web-large/DP-15008-010.jpg,data/images/met/312682.jpg,ok,200,102402,7b21f7d6fee7f221b319bc8ed2e15fc424d85bab4bf69deed8245bfd7c50e5cf,599,267,JPEG,98a4a5e65a5ad861,b0f034ebb4e0f45786ae60d0069f2b3ddb75b77d645c51a78b85fca040fb3d0a,2026-10-05,
MET:312683,https://images.metmuseum.org/CRDImages/ao/web-large/DP-15008-009.jpg,data/images/met/312683.jpg,ok,200,93032,6cfdc23274857a9597b91ae5ab6637acc648a547c75030b19d8335d0406f7a38,599,267,JPEG,7880a5e75a5ad8e1,6f9383623c3d22724b1355aa1df5b3ae4de40d0db4a54dc76fbe8f1b7b401edd,2026-10-05,
MET:312826,https://images.metmuseum.org/CRDImages/ao/web-large/DP-28477-001.jpg,data/images/met/312826.jpg,ok,200,177734,f604c98b6222942dd89def93e543b5a62ea06dae5073505a7a2b34fa9f059a5f,600,596,JPEG,5bb4d0ece4d0dc3a,4af8ead00f3d27eea637a40af00952261b7be45f458aba3e506f1eb074997c61,2026-10-05,
MET:312933,https://images.metmuseum.org/CRDImages/ao/web-large/DP-26538-001.jpg,data/images/met/312933.jpg,ok,200,143414,922d7e0e3d6148ac989fb644c145d6781e267612afe90344a13c42df2d26df91,599,378,JPEG,27e7d1f070ecfa78,1fc4718a9853c7e5c0990959ca22483ed0a7ab2039bbd2290d591ee0dc44ffab,2026-10-05,
MET:313121,https://images.metmuseum.org/CRDImages/ao/web-large/222448.jpg,data/images/met/313121.jpg,ok,200,55497,959fe09012a87de881f220791e6e95a26632641bc117cf58952a6f40a4d61cec,179,625,JPEG,4303031313070b0b,ecd57e3f063e0f4f46273a796a7a9335303f01923579fc498a6f19a522fc04b9,2026-10-05,
MET:313152,https://images.metmuseum.org/CRDImages/ao/web-large/DP244273.jpg,data/images/met/313152.jpg,ok,200,89214,fd56ba31981777601116148d491c55fb10d130a6828c1a53aea080c3ebb52a0b,600,450,JPEG,078eaaa2a690910f,70b30cd28da9346955f2d9d74e0bcda16b613ac2598eb6b4b107325679666f64,2026-10-05,
MET:313153,https://images.metmuseum.org/CRDImages/ao/web-large/DP-39316-001.jpg,data/images/met/313153.jpg,ok,200,101168,d0f781488303c414210d5b6c8f7e9f637d6cc102ff4d622ffc7eaca3f027dafd,600,259,JPEG,618cac696969710f,6f2d90c162a2878525bfe4f37d3d492bffdf21896bccf836dd43d1edffce6070,2026-10-05,
MET:313324,https://images.metmuseum.org/CRDImages/ao/web-large/1979.206.1131_a.jpg,data/images/met/313324.jpg,ok,200,57358,2cbec114136e2cdb7cf6cf062f5db113e22278f569bbdeda6260736fd1dff221,482,625,JPEG,138ccc1ebaaea686,24ac25842f0a4839f352ec240aac13d94bd7818d4def9db7fefc4017ca0e965a,2026-10-05,
MET:314363,https://images.metmuseum.org/CRDImages/ao/web-large/DP221262.jpg,data/images/met/314363.jpg,ok,200,75482,b4affafcaa916d49d7a2502954a2c9bd136678a438dff1344053992b146ecbb2,599,464,JPEG,3e1a9a96e6e4b232,939e1acf1494fbbdd4a91c7c57fdb767f012fc3377bd6c974cc4bbe24a9f5e1a,2026-10-05,
MET:314528,https://images.metmuseum.org/CRDImages/ao/web-large/DP107698.jpg,data/images/met/314528.jpg,ok,200,61299,5fffc30d5012b9a6e8a39b28e131d79c3f62fc74edd16b0f7876a62e0a253fcb,560,625,JPEG,f6d6b6b7d282a2d8,b2f811afc2e1ad5fc1cd8d23cd883bbf26555e3f192e0620140a07737307aa5a,2026-10-05,
MET:314614,https://images.metmuseum.org/CRDImages/ao/web-large/DP-30090-001.jpg,data/images/met/314614.jpg,ok,200,163743,37ba8083de58caa3b4b445acaa20c81d90ebc5c946c03ea24a52c6bc7134c3d2,599,619,JPEG,071b33307968d8f8,eec2393db9838b31f29786bc5f6e430ea2beca059b891272787f0b5ef917179c,2026-10-05,
MET:314615,https://images.metmuseum.org/CRDImages/ao/web-large/250581.jpg,data/images/met/314615.jpg,ok,200,24445,a7ec4e0233b3a6da213520f8ccb76eea2a6089c7bb595b26d04ad7de356b75c1,600,226,JPEG,7df13e9d4f32f26f,7560d90223720f2a9220058b418ec6ebc3d15072db0bac8b023df443e3abe720,2026-10-05,
MET:314616,https://images.metmuseum.org/CRDImages/ao/web-large/250582.jpg,data/images/met/314616.jpg,ok,200,46713,31fe84246ac2fb8179990e8acc83233891821120874efb02a374aa97ecff04ef,599,280,JPEG,f9859cdc5871f0f2,69a090bd11832f2613dc4c24ecde3dd443feaff40c6edbc145eaa604c4ffb8f8,2026-10-05,
MET:314617,https://images.metmuseum.org/CRDImages/ao/web-large/250583.jpg,data/images/met/314617.jpg,ok,200,32214,92fef497aaaab6654c29c539647753cd6e434a5c10a3d153015680b91e2f92ca,600,300,JPEG,3665ca2e3d43baf2,d9efec7c8de5bfc42992de4bf337407c536a81bc046bbdb2d92b33f45d1bc418,2026-10-05,
MET:314620,https://images.metmuseum.org/CRDImages/ao/web-large/DP-29602-001.jpg,data/images/met/314620.jpg,ok,200,170084,9b765c27c6f0ddd01785c4d7d9414e382c452a168aeea63862df28277ddae310,600,544,JPEG,33cde470d8ceec71,cb222b2f3c34b614f8a7b3e377eebb4bbcbe2d3262ca37e5f1c3f168277fbd02,2026-10-05,
MET:314622,https://images.metmuseum.org/CRDImages/ao/web-large/DP-29603-001.jpg,data/images/met/314622.jpg,ok,200,162745,f497292b2d9ff9d02a6f31bc9cb6ed7194317d2390b0ea57bd010bdaef08c6ef,600,479,JPEG,0f2742d8b8e8f8f1,9caa4025d4586ee0f84298897732fc2f17c9e5c0e72af91c3fc156e16dcef9ea,2026-10-05,
MET:314623,https://images.metmuseum.org/CRDImages/ao/web-large/DP-29604-001.jpg,data/images/met/314623.jpg,ok,200,159338,8922921191da40af6d599c21b0d726381581f324b533478ad201fa39b087e9ff,599,480,JPEG,0b25ccd8f8d8d8f8,1045317c3e9f9fd54b8691a36d8c06f49165780178d294c616cd9d2d50a3afbc,2026-10-05,
MET:314624,https://images.metmuseum.org/CRDImages/ao/web-large/DP-29605-001.jpg,data/images/met/314624.jpg,ok,200,161473,0802bbd5cdfa71059746a5362ff45a6f2ea7fbdba9c4e6ba29ef2e718c165e09,599,531,JPEG,1326ca49dcec7c70,99bd9d682e388156bad34ceb271c2dbd437181e581c3e3629b9d223b8f8dbebc,2026-10-05,
MET:314894,https://images.metmuseum.org/CRDImages/ao/web-large/DP230211.jpg,data/images/met/314894.jpg,ok,200,60278,6b36c4c479d3cbf92f6cd85e6a1dd3dbd30b0e546b6a71817c886dd7a0312532,600,450,JPEG,9edc69696969f09e,8b777c6b2713293e40ff84cfe998c10f6f530ed4dcbc050447b73dc9c741bc47,2026-10-05,
MET:315690,https://images.metmuseum.org/CRDImages/ao/web-large/DP18706_1987.394.642.jpg,data/images/met/315690.jpg,ok,200,122371,7c6c5776a1bd8332891eb338b9fffecabeab7fa415108ebad45eb0034b4f7bea,510,624,JPEG,d8b6909e9c9a62f3,45e348fcb825d8ae26dad921f6c8aff49631ceb87f9ab4a5651c2b9779cd93ec,2026-10-05,
MET:315700,https://images.metmuseum.org/CRDImages/ao/web-large/DP-26541-001.jpg,data/images/met/315700.jpg,ok,200,121549,d60cf988bd8d5e9ed9b3360dd5b1bf39c5c0742e935eb5a7dcfc2856ded16daa,366,624,JPEG,c8c4d4d4e8fcecdc,7a11b93a3806ac094658acf52d66c30541cf7368ccd56ccba0613e581cffed46,2026-10-05,
MET:315708,https://images.metmuseum.org/CRDImages/ao/web-large/DP18703.jpg,data/images/met/315708.jpg,ok,200,54232,817e144a6009167d8871cdfd9c0c4b22708c23aeb98ffebb5e463d78000d0107,216,622,JPEG,a68ca2cacab2b9bb,9ca7fcc04de87e3b0bf0fce9ad3e57ec8b4bc436ecfc3a4e895afcffcbf9ab27,2026-10-05,
MET:315772,https://images.metmuseum.org/CRDImages/ao/web-large/DP-26542-001.jpg,data/images/met/315772.jpg,ok,200,179169,d36f0f4a198b1b87c5acd65350e4e87724e0a6eb40db3f5862d4c9ed8b397ecd,600,588,JPEG,336969ccccccccc8,c7003a549979abc54dceb013f15644b333a933486b7e3846b38d0861d3ac4e29,2026-10-05,
MET:315773,https://images.metmuseum.org/CRDImages/ao/web-large/250471.jpg,data/images/met/315773.jpg,ok,200,43584,0a6c0e29f4ccb93d1f43d393e67cbf5210f1a6540500c940211635cd82e63537,598,275,JPEG,59f8b8786319b071,60533fe6642b937f9d0e0da6d6c1a14c575be383925bd7b17c54bd55e39a33ba,2026-10-05,
MET:315786,https://images.metmuseum.org/CRDImages/ao/web-large/DT1269.jpg,data/images/met/315786.jpg,ok,200,78602,13dd4dce5ec4661b9c50b09e2b544b8b5b1e96af87552331af6be5da5ebf4b9b,600,480,JPEG,41baf0d4c8d0d0e0,8c3fe453b03087444ccb3f4f45430925d74200156bdfebe4efbe06daced01780,2026-10-05,
MET:316340,https://images.metmuseum.org/CRDImages/ao/web-large/DP-29622-001.jpg,data/images/met/316340.jpg,ok,200,140361,6aed94f1560ee01f6e2d81be2d1c4083a8bb4be71e438f32a64edf7d3417e284,600,499,JPEG,1327484bc8f6f6f0,b7e4eca2e2e988509858610276193d6c475625386e4bac4c577cb9573ed594d1,2026-10-05,
MET:316341,https://images.metmuseum.org/CRDImages/ao/web-large/DP-29623-001.jpg,data/images/met/316341.jpg,ok,200,134726,b19bb7ff26b0d793d1a2ff9e6c441cd890fc60f92c31ab50f366f8328631c156,599,467,JPEG,0305f578ccdcf879,58e9ec5fb2f03cc45b5cdfb73f38e90bad399b9b146a77318f8512312e8e0a98,2026-10-05,
MET:316342,https://images.metmuseum.org/CRDImages/ao/web-large/DP-29624-001.jpg,data/images/met/316342.jpg,ok,200,147723,5a548b18439d7a5ac6d6a85ff25e119e7835f7666841d79e33ffaee47f6363e2,600,470,JPEG,1f25c5c4dcdcdc79,c52001d95fb216dbe222939647dbc203106cdfc4e4c9b824103320127be3b952,2026-10-05,
MET:316343,https://images.metmuseum.org/CRDImages/ao/web-large/DP-29625-001.jpg,data/images/met/316343.jpg,ok,200,148482,31259f258947e022f40c2b43f4ebeaa11b30cfc22845a74a645f690137b169db,599,470,JPEG,0b0f33b2bcaeecf9,cab36284aae670320b6daf2a03b7169161b59252fc87cb37dd1ab2576564fe31,2026-10-05,
MET:316727,https://images.metmuseum.org/CRDImages/ao/web-large/DP-29608-001.jpg,data/images/met/316727.jpg,ok,200,140480,312028b42060ffaa37e0dcdd62981904725f8bce1c50f7f81cac138304567b42,599,422,JPEG,0b67f4e8e8fcf8b9,e307b89934bcb9735546fead1928872e6b46c1a14ae319dce01be299f6c3dab7,2026-10-05,
MET:316822,https://images.metmuseum.org/CRDImages/ao/web-large/lb1993_474.jpg,data/images/met/316822.jpg,ok,200,121008,7eb298d957d20b5b5f20f62431b0d22312b48af64a1c5b24680a49e9c3aa11a1,441,624,JPEG,9ea8b84cd696ccba,df6d0fd376002d76c46c345aab029239c7939043088b3e31718061c9067bda6f,2026-10-05,
MET:316892,https://images.metmuseum.org/CRDImages/ao/web-large/DT3832rev.jpg,data/images/met/316892.jpg,ok,200,192698,d5927f773848a9380e4959202f2baf49076d0b510618fafa62a9fd588e95eb70,599,479,JPEG,9e9aaade9eb6b2be,d1703c8489374e6c872e7a5bf239f425b07b03a4e4f17842d5b22fb53efa0198,2026-10-05,
MET:316894,https://images.metmuseum.org/CRDImages/ao/web-large/DP18602.jpg,data/images/met/316894.jpg,ok,200,56249,d6afc56bbd47950c1b7e2d2ef17ca7dd0cbd4f997ebc6c2c426b64bb99c8275e,221,625,JPEG,d4d0f4f4d4d4f890,de5d3e9f90ae9184658e1793a21f393f21c2fb76bc14027121f7edbc4723eedf,2026-10-05,
MET:316906,https://images.metmuseum.org/CRDImages/ao/web-large/1994.35.81.jpg,data/images/met/316906.jpg,ok,200,54858,bb2469fb3627e327a569f530b9e5adaee16a7f71c5123d4950421a129dd4ddbe,600,303,JPEG,04320c0cf696ec70,82df02ec34237a6674ce3e3ad1bdcdb1722816a7f5a97501311052478c6f2cc0,2026-10-05,
MET:316910,"https://images.metmuseum.org/CRDImages/ao/web-large/DP18680_1994.35.85,2.jpg",data/images/met/316910.jpg,ok,200,79050,c5a6d3ab432e761a3e17823cd16b63ba2b7f61430c3cb7de661907774f056ba6,204,625,JPEG,3637273f33278678,aca1ba2a34a5fa4cbd9a5ebef41dd883e30a84d7b341eb04904b4c6bd1b884af,2026-10-05,
MET:316913,https://images.metmuseum.org/CRDImages/ao/web-large/DP-41567-001.jpg,data/images/met/316913.jpg,ok,200,197721,7f27a59a8797a27c599c4fcbd9d1a0fe4aeeb0b59df37248e05fd4876ce37229,600,512,JPEG,0fceb2f2ced4d0d6,8faa29aaecacace567721d697c0a5d9cfba602ff82de55918443efcdb5f7f75f,2026-10-05,
MET:316915,"https://images.metmuseum.org/CRDImages/ao/web-large/DP18677_1994.35.90A,B.jpg",data/images/met/316915.jpg,ok,200,91549,b774da5d053e09cea6f1d0a550a2a5fd812c8cb23aadea713d2979d77af95b03,264,624,JPEG,8ccc8cccccccccec,9f387ca195624fbb05f5f085f39cbf4b6d6b8464b12d8f8eabd9bb5853492d5c,2026-10-05,
MET:316916,https://images.metmuseum.org/CRDImages/ao/web-large/DP18678_1994.35.91.jpg,data/images/met/316916.jpg,ok,200,123120,ac06b2661f30b09fa2087224ad6f7411fcc19918a5361402b677b85abd2f8716,358,623,JPEG,a2e0a03150b0b0b8,e7f2f8466c6e5cacde415481dca678fd6b150842ea6f5854b169acfc121fab32,2026-10-05,
MET:316921,https://images.metmuseum.org/CRDImages/ao/web-large/DP18608.jpg,data/images/met/316921.jpg,ok,200,67081,7ecb5d4e27bbb29d5fdb3bb3dd87ee729c1289c07dfbfd648f71a1d5c7aa9a36,341,625,JPEG,61cce6c9d4f09686,de0b7a88b8c15ed746bc06655c7a1e2d5a98794facb7003641a564707ce253f5,2026-10-05,
MET:316925,https://images.metmuseum.org/CRDImages/ao/web-large/DP18612.jpg,data/images/met/316925.jpg,ok,200,96863,0ae1d1a2bdf599fc3d8535fa9d63425b1bbb91b5a82b0ce58e3dbeb6d2d10d07,414,625,JPEG,e498e8e2e8ccc8f2,14714f2f43c68fab54d35fdd7c411538e72c01400b48f710b1730d1b0e9e81c0,2026-10-05,
MET:316926,https://images.metmuseum.org/CRDImages/ao/web-large/DP158704.jpg,data/images/met/316926.jpg,ok,200,57769,85f5655efc340918402f17bc8fa9771466023d775a4e1aecb40442847e56d882,468,624,JPEG,0f3371716070710e,4d6c55129d470eb7cdfb2b4229417bdc825d09d9cabc5276201b8af91ce6758c,2026-10-05,
MET:316928,https://images.metmuseum.org/CRDImages/ao/web-large/vs1994.35.103a.jpg,data/images/met/316928.jpg,ok,200,112774,f5b97fd73459eaab1062ecc3497a266c2dd6edefaa6f138a3d6283f5a753b6c5,600,581,JPEG,71e8cc8e8be0ccf8,cb40ab31824eb2abc93b207bade7f88601114fe9be44dd4b910add655b3d69ad,2026-10-05,
MET:316931,https://images.metmuseum.org/CRDImages/ao/web-large/1994.35.106_a.JPG,data/images/met/316931.jpg,ok,200,37174,c4eaa331968ad0df306b06e7e8897fcb48681de9f95fdf29be0efad389316a6a,416,624,JPEG,3129696565656567,6cca455ca1970c952346502cd6f1639746baec19d72c76c76e5e43131e4b38df,2026-10-05,
MET:316935,https://images.metmuseum.org/CRDImages/ao/web-large/vs1994.35.110.jpg,data/images/met/316935.jpg,ok,200,36600,5a2eee61fb8e1be2ec70750ac4daa1423a44546bcc44d5d9f419cafe4ebd9ea4,600,179,JPEG,598986d49c8ec29c,cb9322b756a5f5d131d5204282c3605bcd2d72001067fbd15981d22a4fcbcd6c,2026-10-05,
MET:316939,https://images.metmuseum.org/CRDImages/ao/web-large/DP-13440-003.jpg,data/images/met/316939.jpg,ok,200,96575,01b3e37ccb702657627c16c633af7484aa939a48c3ca9588113166654b8d70b7,600,472,JPEG,c81733332f17f861,2073fcd3785f6788d3a2dd287127cb33f857457fe61f8b993b206adf043f091e,2026-10-05,
MET:316943,https://images.metmuseum.org/CRDImages/ao/web-large/DP18599.jpg,data/images/met/316943.jpg,ok,200,51638,ed7889f22339595bda8fa620b99bc8af820978854b83b506ce30c33dbdf7d46a,193,625,JPEG,d4e0e2dcc2e8f4f3,74460ae7794fccec23a28338c2d927d0c7e407dd3f36eebcfb53a39268abd8b7,2026-10-05,
MET:316945,https://images.metmuseum.org/CRDImages/ao/web-large/DP-28474-001.jpg,data/images/met/316945.jpg,ok,200,81348,86313b0835217ddb473784e714ddc4cefdc8287aba1909a3cb281b60bc578cdd,600,117,JPEG,e1a8dcd8b2d6d01a,d2f19400a91b5cf2bc36cc705e07389e64c39e3166b737a4389a167e6748defe,2026-10-05,
MET:316955,https://images.metmuseum.org/CRDImages/ao/web-large/DP-30089-001.jpg,data/images/met/316955.jpg,ok,200,185916,350b6d92ac3cc39ddb2954f9dcdbb5b27e99ab231d865623f43eb3d10ebedb7c,537,625,JPEG,2f2b68ccdccce471,569e78ba9934376cbe2f9aa102fd3888069f60a965b7eabb49cd8223f71e8edd,2026-10-05,
MET:316961,https://images.metmuseum.org/CRDImages/ao/web-large/DP-30088-001.jpg,data/images/met/316961.jpg,ok,200,112970,d13ee5900bb9261eacf4419817baebb304cd5e5861d5300fd83947948f21ebac,600,582,JPEG,1f5b5b187870fcb3,072d85489788ab1bf533507068759b4178219607bd94a32dfb7df2e0cebb6e1b,2026-10-05,
MET:316962,https://images.metmuseum.org/CRDImages/ao/web-large/DP-29609-001.jpg,data/images/met/316962.jpg,ok,200,162885,5ec03b6fc6251f3e57637c03cdc8c99b6f4ac5f144c375c7252471ccb27eb97d,600,491,JPEG,0bb4d04ce4dcecf0,3917bbaf4c45f86b3f2cabc97f04feb1aab5ffaf4f8b20cf61d14ea1e55c561a,2026-10-05,
MET:316964,https://images.metmuseum.org/CRDImages/ao/web-large/DP-29611-001.jpg,data/images/met/316964.jpg,ok,200,162877,69a0025c70b8cf871f57c2f8d56b3d254cfd238901805147d2c6dec517daf1be,600,511,JPEG,03649cc6e6e6ecfc,7b4a71c31509723cd8ff0be78b399905c7ca84d5203b2f53686dc7069d088220,2026-10-05,
MET:316967,https://images.metmuseum.org/CRDImages/ao/web-large/DP-29614-001.jpg,data/images/met/316967.jpg,ok,200,156380,4c0ab6418040de4cee9118d71d3546193c5b5db280a1155c446a90ffe28013ac,599,470,JPEG,1b2d4cd8d4ecfcf0,cb846eb16aa324cb6e1235a21176d03b4b1c295ec830e1500c3fbafab51b5b4f,2026-10-05,
MET:316968,https://images.metmuseum.org/CRDImages/ao/web-large/DP-29615-001.jpg,data/images/met/316968.jpg,ok,200,151998,11277fdea9312e3bb822c41c4707c47904aae93794c89affc5f8d38f2374542f,600,462,JPEG,0b35d4ccccfcfc78,9a8c8b70e5471a87f9886c96bd13d916e5f9a3298ec187c2b591d2916f4fd566,2026-10-05,
MET:316969,https://images.metmuseum.org/CRDImages/ao/web-large/DP-29616-001.jpg,data/images/met/316969.jpg,ok,200,161969,b96e97445d702d4ccce9821c60bb1bfeeb90255997d5ab4e5fb3a6188578a924,599,470,JPEG,1b237232ecdafc78,f884131d9576a34b0c1bd6e4e8ce06f94b416e92e45aacf5e7a8fe01366a84af,2026-10-05,
MET:316971,https://images.metmuseum.org/CRDImages/ao/web-large/DP-29618-001.jpg,data/images/met/316971.jpg,ok,200,161717,76c8330d2da7978e57994a891c7cec57866a5e3a9b81b275e23dc80ccf4bade9,599,465,JPEG,2fa78fccdcd6d4f8,41e32d4ce4d23da276d034d4a05ebde7334bf958427caf8782a480aaefde4006,2026-10-05,
MET:316972,https://images.metmuseum.org/CRDImages/ao/web-large/DP-29619-001.jpg,data/images/met/316972.jpg,ok,200,155555,40218beccc31b3fee6bdfc966d50af622110151d0796ed0aa1c80c46eb97c163,599,495,JPEG,0f07d1c8ecf4fc79,08d701d629a71891a16f49fab96723f3d7de0e8d27cb85feb3d7fd75307ca654,2026-10-05,
MET:316973,https://images.metmuseum.org/CRDImages/ao/web-large/DP-29620-001.jpg,data/images/met/316973.jpg,ok,200,171224,3f71cb1f06807293676bfcbb477f884968c5a472c792bf1e93b125297ebace71,599,488,JPEG,0f3571d4dcdefc79,33ba48d91d12297b431aa262a5db879fa6143c55c138e5655a87d023e3838bdc,2026-10-05,
MET:316974,https://images.metmuseum.org/CRDImages/ao/web-large/DP-29626-001.jpg,data/images/met/316974.jpg,ok,200,182662,5993c29be30a42aa00bc354abff9b8893fc9e77c324b8ab4de84f72fd601a8a4,600,508,JPEG,1364c4f0e8eeec79,e5f1df4a7fef54d4bcb4d1ba0b801f735caf12dd67ad07cc51145c5b3fa24611,2026-10-05,
MET:316975,https://images.metmuseum.org/CRDImages/ao/web-large/DP-29627-001.jpg,data/images/met/316975.jpg,ok,200,157650,3926bb6eaf2b181a374f2eec72d484fe20ab3d2597dd3309926f598977b910cd,600,489,JPEG,0f3754dcdcdcdc79,b94827ac2cf4253d5ee6048cb47ef25c51d32add69553fcbb84ec864b4d62317,2026-10-05,
MET:316976,https://images.metmuseum.org/CRDImages/ao/web-large/DP-29628-001.jpg,data/images/met/316976.jpg,ok,200,165869,1371c7bc5eadf9038e8987c4cf353b2e2e9d0ee7931b93b303c2a0c4df432992,600,472,JPEG,3f37f6d0d0dee879,3b41caef368d052153c8183c79480184b729b74f7271138586bb54dbc66a95a3,2026-10-05,
MET:316977,https://images.metmuseum.org/CRDImages/ao/web-large/DP-29629-001.jpg,data/images/met/316977.jpg,ok,200,152319,cc9fa96aca7dc54b8888ea1ad068b39d816a052d2d5f093c489788a98e06d247,600,457,JPEG,1365dcd8ccfcfcf0,114213899b0f8f99f4aa5c4068443047c7fcfc5e70bca90ca2954560b646f7eb,2026-10-05,
MET:316978,https://images.metmuseum.org/CRDImages/ao/web-large/DP-29598-001.jpg,data/images/met/316978.jpg,ok,200,175994,4bda7c6b8857dcfa0cbcc9f67ff426129e49a2dbcbe6066402e791228f5c86d8,593,625,JPEG,172da4dcfcf6dcf0,622b02cec17336769583a3f9e9e146ea1af3d6dc6143ba9b13f3daebe9497152,2026-10-05,
MET:316981,https://images.metmuseum.org/CRDImages/ao/web-large/DP-29590-001.jpg,data/images/met/316981.jpg,ok,200,169168,a605868124dec40119f94aa49453b879104927446e087393cec8e5884d4382c7,599,561,JPEG,175b0f3e38dcfce8,60740d8d6fd1ee63a25dedbc6d3d985663574232c8fda9867e492b1ba560feee,2026-10-05,
MET:316983,https://images.metmuseum.org/CRDImages/ao/web-large/DP-29592-001.jpg,data/images/met/316983.jpg,ok,200,154922,ce9ae4c259c91b80a5da61b61fa8270a0c293e5f5fbb6944b49159e8e864a5b1,566,624,JPEG,176959d8fcdcfcf0,fce6d681d2701377f9d9822fe13517b4fec8449d6774bd74a4e8e4df2a370cc8,2026-10-05,
MET:316988,https://images.metmuseum.org/CRDImages/ao/web-large/DP-29630-001.jpg,data/images/met/316988.jpg,ok,200,130205,5c72fbd0780550419525ae87a07dd372a450effa35f9f6d2d22ba75397867254,600,419,JPEG,1b2774b0cccafc79,e5526ee745611bc1c8e257979b4338a9b9a972879439b6caa76d2a8fdb3a6ed8,2026-10-05,
MET:317736,https://images.metmuseum.org/CRDImages/ao/web-large/DT1275.jpg,data/images/met/317736.jpg,ok,200,134653,41c33dbad32d637827aacfdaaba9b4b1285463f8a64495a2e2ad6e7f1741d050,600,480,JPEG,faf2faf2fefade90,3c06715d0b8b03be8773e75c78cdd29bc696d7149db8c2f8413cc2368c830169,2026-10-05,
MET:318460,https://images.metmuseum.org/CRDImages/ao/web-large/vsl1995_49.jpg,data/images/met/318460.jpg,ok,200,134927,8e311f34077284b952ddc2a69a06082942f9e0f817e2a6305ec2324fe54e0fd4,437,624,JPEG,61e0c48282929a9a,c7466c367b0460a1a2600e0848fa40c8e6ed50e06dee43f7ed93cf3ffa910430,2026-10-05,
MET:318529,https://images.metmuseum.org/CRDImages/ao/web-large/DP-28476-001.jpg,data/images/met/318529.jpg,ok,200,95280,1181052874905662d2720ff35ee34254d17e63b985f247c466ff774391b29834,600,407,JPEG,cce4b2d8cce4e4f0,24f89ce06dde64bc9fa4cb4922dd27e627bec666f56db81bc8523b7aedb21414,2026-10-05,
MET:318746,https://images.metmuseum.org/CRDImages/ao/web-large/2001.172_b.jpg,data/images/met/318746.jpg,ok,200,22897,a2453efa58bfd7c7ac9bcdba94d8e2c3ce6c7f4e3e675a35127940bc9c4b0ed5,239,625,JPEG,3131313131313131,311bc8868e4d510da0bc062ce1624ace208182ec6c9873c41df3903f8481cbf0,2026-10-05,
MET:319523,https://images.metmuseum.org/CRDImages/ao/web-large/hzTR554_2004.jpg,data/images/met/319523.jpg,ok,200,107129,85f12ff5512d1e5dd947dbbe7ab036f9d38eced2c690c3a0025a41cf902d2d17,599,435,JPEG,aaaa4e4d61614696,2165b787214e2c1d8fbb298750ca70b2b20c83be44213f35b223c677a9e99e4f,2026-10-05,
MET:319524,https://images.metmuseum.org/CRDImages/ao/web-large/2004.406_detail.jpg,data/images/met/319524.jpg,ok,200,75777,3d2beace965c9f612488ebad86fc2d30b3c7c1ab969c66370d19081ad9d6ea13,416,624,JPEG,490e961608b46719,1e4b87b8d49261a6bbf5bd783ae852feffb2c3b1f0cece8b62286433b2f8a9ee,2026-10-05,
MET:319574,https://images.metmuseum.org/CRDImages/ao/web-large/DP120795.jpg,data/images/met/319574.jpg,ok,200,145076,c4be16fabdddba5af3caa34c1e98b410c1b3266e2a9726d8f3edf2f5d34dca37,595,624,JPEG,cad2d2d2cedacac6,93f69771d3b52e27cff41a35149bda7635eec5db6534cdec500d6d79b93a9e21,2026-10-05,
MET:320054,https://images.metmuseum.org/CRDImages/ao/web-large/DP107700.jpg,data/images/met/320054.jpg,ok,200,179103,e19ba85d9c8862343c72d9c157172a9975e5e8ff59d1fbf875ff3076d8136a30,494,624,JPEG,f8d4ccccf0d4c4f4,4426c32975603aac4d27c02683bd8f0205d38c8ccf5bf213783fbaadba28d0e5,2026-10-05,
MET:320804,https://images.metmuseum.org/CRDImages/ao/web-large/TR.489.2010_a.jpg,data/images/met/320804.jpg,ok,200,181991,76407bd359709fbb42a17f95d8b1dd1c8b73475e8dcecba0c37fb757f6d8d098,324,624,JPEG,a68adada9a9a9a9a,3fb6876fdf9582b6a8c4122b6eda439390fbd0cc42bd5aacef00077f0a1f02a1,2026-10-05,
MET:675980,https://images.metmuseum.org/CRDImages/ao/web-large/DP-21885-001.jpg,data/images/met/675980.jpg,ok,200,239614,9269d1f5470d38570a26a8d95781f8d42aee17777e898606341c22c4ceff5e6f,600,606,JPEG,c8cc494c4c4ccce4,7a338984dd1b704fe9fdea5659864e3712280d4af430b843c4ac310916515c83,2026-10-05,
MET:751900,https://images.metmuseum.org/CRDImages/ao/web-large/DP-14285-001.jpg,data/images/met/751900.jpg,ok,200,108688,7e2a49a5100781679a64bee8349f266c5c94cb8cb04c2b0c08153fb231ad1787,525,625,JPEG,0bc4e8f0d4ccf497,3685c49f9c26c4fe8bb2095c1986ce1867efcb9ebcd4c49621192578cb878db7,2026-10-05,
MET:833953,https://images.metmuseum.org/CRDImages/ao/web-large/DP-18736-001.jpg,data/images/met/833953.jpg,ok,200,189488,19263387d489c0c1b7f5493f2cca893715daeae338b35d6e7a1d704fb271930e,591,624,JPEG,a82aaaaaaeaa8abc,58ce0bb0a137a69fa73e5e82e94b544e7f8bee86d2a823b08bf0fe61b1a0b76c,2026-10-05,
CMA:102924,https://openaccess-cdn.clevelandart.org/1921.1550/1921.1550_web.jpg,data/images/cma/102924.jpg,ok,200,248446,de9ee8775917a1e9a6025397fe227bf282325db442f6c74e401ea848f634a08b,303,893,JPEG,6c6868e6d4f2a2ec,818790756c29bb094660e5b561900e748cbd90508f21e680419099b37eee5091,2026-10-05,
CMA:104234,https://openaccess-cdn.clevelandart.org/1922.389/1922.389_web.jpg,data/images/cma/104234.jpg,ok,200,907847,731182bba04eabb294acc242316cdd600a2a0a62a791f6880116ad8a3698d0ba,1124,893,JPEG,9aaebabebeeab2ba,35f0611c8ba97e284a59048ab914c58e46f4a72604ca388880719aa027aac8a4,2026-10-05,
CMA:104236,https://openaccess-cdn.clevelandart.org/1922.390/1922.390_web.jpg,data/images/cma/104236.jpg,ok,200,885053,22f9b85b07f0aae0480fb37a0f992053594924d17dc771dd65c5062834863671,1263,829,JPEG,9999999999989899,d7fe846c237879fb3350235b1a145d8473219ed0cdf23ddfbd1226fb11234290,2026-10-05,
CMA:104238,https://openaccess-cdn.clevelandart.org/1922.392/1922.392_web.jpg,data/images/cma/104238.jpg,ok,200,305053,77087c319a10c79d018dd719512950272a386c52504cee5808d88ea7853cef42,437,893,JPEG,d2d8d2928a929ace,88063e26cf55590874a38d6204981f9bdd4c4485477cd4ef1b2611853e495e18,2026-10-05,
CMA:104240,https://openaccess-cdn.clevelandart.org/1922.394/1922.394_web.jpg,data/images/cma/104240.jpg,ok,200,323679,95e8aee3b9b04121ac4b54a9c4c5cff7916fbf681edb00f09a02d6cb90eb7402,1263,270,JPEG,3092968e86869682,def77e57a96f046b08cf889891914028ce04b070533baaaa99a83bdbb74c5d72,2026-10-05,
CMA:104241,https://openaccess-cdn.clevelandart.org/1922.395/1922.395_web.jpg,data/images/cma/104241.jpg,ok,200,338462,723b0bc2ecf87ae5961b437040f81c095075f4ac539d471b74489b6482515e76,742,900,JPEG,a2fa8adeb8a498b8,c1e549042a91003bd2f203466152c2b7637e397cb6f64690a14f25f8e9a6f025,2026-10-05,
CMA:104242,https://openaccess-cdn.clevelandart.org/1922.395.a/1922.395.a_web.jpg,data/images/cma/104242.jpg,ok,200,173500,c03af74af54f0a0d256dd6c73ce70b04f36ffdb0ebbf6c7510074b522efd2f64,900,270,JPEG,048eb292a27859c8,4819c801d4b96159498782ac3f2667a8e06e502652897af9135c584c530b0bcb,2026-10-05,
CMA:104243,https://openaccess-cdn.clevelandart.org/1922.395.b/1922.395.b_web.jpg,data/images/cma/104243.jpg,ok,200,172858,242a73b74c496c3e52076e5410a90b1bea19e057809d8b92aa36e8f43c4e4b78,900,284,JPEG,41c29a9ab6de5ca1,79cbb243623a13d3e5aa852c37a56e3f9738792c7bfbf8962dc056c96436f892,2026-10-05,
CMA:104244,https://openaccess-cdn.clevelandart.org/1922.395.c/1922.395.c_web.jpg,data/images/cma/104244.jpg,ok,200,171197,83f905596afb2180015c709156f4a5d5a3e3fb2365d644e7201abfe43edf1994,900,292,JPEG,439caa86aa35659a,c80c4c67ccbf663b267cd038a6127a87f6e5a31e0c253471cbe9b9127997d64f,2026-10-05,
CMA:104245,https://openaccess-cdn.clevelandart.org/1922.395.d/1922.395.d_web.jpg,data/images/cma/104245.jpg,ok,200,168719,69d0b82bfa091d4c083585db31bc86e4ae2ffb937da90e298f5d89591343d614,900,277,JPEG,659a9aa4b2b83944,4bd9016cac600d31888af80c2f4ad75d51755922e570ae1e2315f4b036b68763,2026-10-05,
CMA:104246,https://openaccess-cdn.clevelandart.org/1922.396/1922.396_web.jpg,data/images/cma/104246.jpg,ok,200,378801,283af313bb8eafe50108de27cd778a9aa104708e4fe5a37799ee862a7db7cc3e,807,900,JPEG,92aaec929892dac8,ae63140940ee513bd756007e5f1eb5ce1b27c471f849198169a99653955e7797,2026-10-05,
CMA:104247,https://openaccess-cdn.clevelandart.org/1922.396.a/1922.396.a_web.jpg,data/images/cma/104247.jpg,ok,200,197364,3996d38e0189236228978b91271171c99bdf3e5ac232d26677cf56ca3adb94f2,900,313,JPEG,11c29a92a2aeee71,f911ce1bf0fe0a0aa1f3bdcc91cf346ecf7b8b9ff2eb112c28bca6099dbe4731,2026-10-05,
CMA:104248,https://openaccess-cdn.clevelandart.org/1922.396.b/1922.396.b_web.jpg,data/images/cma/104248.jpg,ok,200,201662,807b7823f7d6100a9a13db9d9a05e726ce7ad44a4073b4bd0b0e162a99e14d16,900,336,JPEG,25a092b2c898b906,568ce830d6f2c28b016a32a89d48fdb8e7c648e7f689fe4b5150a4a28b0e09ba,2026-10-05,
CMA:104249,https://openaccess-cdn.clevelandart.org/1922.396.c/1922.396.c_web.jpg,data/images/cma/104249.jpg,ok,200,198168,603af7c85ee66714cbf049064e9496e3270cb8f8d08fc28367d05259dcc1a965,900,293,JPEG,d0dabab2d2c8cc38,61afe0ee88f639ab15d81e5a12be3b506a7cf2b32ce03ea06c7166c007dcfba6,2026-10-05,
CMA:104250,https://openaccess-cdn.clevelandart.org/1922.397/1922.397_web.jpg,data/images/cma/104250.jpg,ok,200,313787,6b0de2b30ad5ca7cc0567edc9ffee41060c5a9baf838d3dbbcb6deb8f9d07e26,900,663,JPEG,e8b6a6d4d4c4d4cc,5872ca0093d6821ea01346a0d3b68cd99eca2d67345d583e01d6a1f7e5703718,2026-10-05,
CMA:104251,https://openaccess-cdn.clevelandart.org/1922.397.a/1922.397.a_web.jpg,data/images/cma/104251.jpg,ok,200,166694,bfe17725ec8c0611b3321aec6298a79150a45884edd095838a4db0cadb35409b,900,220,JPEG,49c8a4b696a6e6e2,6ec9cfd9e09b9cecd04bc09b34f715a5eb792402d551e355c31ba1989e6da84e,2026-10-05,
CMA:104252,https://openaccess-cdn.clevelandart.org/1922.397.b/1922.397.b_web.jpg,data/images/cma/104252.jpg,ok,200,181213,922161b381932a9c9ff0959a367bddb986ecd358d3c4af677a321c827d782ac1,900,271,JPEG,33d28ab2f0929293,6c8802c3e3acfe13a8c851baaec94a1ddf8744f90a882a80fbaebb36a9791da9,2026-10-05,
CMA:104253,https://openaccess-cdn.clevelandart.org/1922.397.c/1922.397.c_web.jpg,data/images/cma/104253.jpg,ok,200,192555,990a2be4fb496d3fcc959abba6777411810c835e370d26e212c0eee21dab452f,900,272,JPEG,d5d6acb696aeacec,d72c97fd8e0e31957006eaa071090ac942eb6c09c70eae1ae6065b0fbccf58a5,2026-10-05,
CMA:104390,https://openaccess-cdn.clevelandart.org/1922.517/1922.517_web.jpg,data/images/cma/104390.jpg,ok,200,78197,ab9d040d9ed45aa5ef8aacd9d1dc1ed9cffd3f84ac0f50877016101c64304a94,750,618,JPEG,8cac194c6c60684b,48d4777dab36a558b9ba5127edb9626d285b3941cf14011c0c44b7f72afb25ae,2026-10-05,
CMA:108026,https://openaccess-cdn.clevelandart.org/1925.654/1925.654_web.jpg,data/images/cma/108026.jpg,ok,200,931551,b41bf6cf1d4fe5c5d94b33efe7b1ea8983fa2069599f486de6ebc8ee51d2edbf,1160,893,JPEG,80f0babacea69280,809fcea40df9947541b869eb1d84f4e138d0881d06a7462e4a9275048b09fd1c,2026-10-05,
CMA:108033,https://openaccess-cdn.clevelandart.org/1925.660/1925.660_web.jpg,data/images/cma/108033.jpg,ok,200,608630,9df6062b59741766ebecf351026c9b8d0fae2086cc547f018a61801bf29edd7c,682,893,JPEG,aab0b8f292a28202,6add6237f32b90a8e8ee6545d829cda6fa71d671e7ec3f9393c5761a0b8e126c,2026-10-05,
CMA:108034,https://openaccess-cdn.clevelandart.org/1925.661/1925.661_web.jpg,data/images/cma/108034.jpg,ok,200,571417,781e645166556d51379e7d8ea6ffe0638f6073b8511fc28bb681014b293ef213,682,893,JPEG,9e92a6baae8abab2,286dd8f2528b10822eb8e3ac6e03fd7865615bbb1cfff9b8f80fc2c2c8f84282,2026-10-05,
CMA:108038,https://openaccess-cdn.clevelandart.org/1925.665/1925.665_web.jpg,data/images/cma/108038.jpg,ok,200,383365,cfdf77e399211f9423149eeba6bfe62e8c2309ee751343aeaaa9fbe8e66ce6a7,1263,333,JPEG,deb2d0b2b4a69084,175e52f3cb44a8926f31e41163e238eeb5c9952daa968a6089b4e949ef069d72,2026-10-05,
CMA:108042,https://openaccess-cdn.clevelandart.org/1925.667/1925.667_web.jpg,data/images/cma/108042.jpg,ok,200,168622,7c42d15ba415cf8ea11df7de3d10949831b7037992e4440ae15ea11e85d1db7d,900,575,JPEG,f8e898d868e0e969,6213a4ffb3208d12beffc15f08b0d69368c1561a86f2981c19c84a2027df2e60,2026-10-05,
CMA:108043,https://openaccess-cdn.clevelandart.org/1925.668/1925.668_web.jpg,data/images/cma/108043.jpg,ok,200,888764,8ac8d2dfcee4ea38858a4e232e54d8823016780867ec82cc7edcc9b33aebf3d2,1251,893,JPEG,61c8c6e079b88c8a,5fbd52c14bd13bbad817ca9ecaf291fb96ac80edd09377294e115183dac4883a,2026-10-05,
CMA:108044,https://openaccess-cdn.clevelandart.org/1925.669/1925.669_web.jpg,data/images/cma/108044.jpg,ok,200,493584,77bb6ecddd39ceecbda6a5bac222d36081401bac1aa11a2fc9c0e36202b2421c,743,893,JPEG,d08e3a1b8aaaaae8,3cee3216f4bcfcf7954e94539e2f3582b5c22daaa609d441456ba5056f7768d2,2026-10-05,
CMA:114131,https://openaccess-cdn.clevelandart.org/1933.392/1933.392_web.jpg,data/images/cma/114131.jpg,ok,200,138282,58c6a82464be721ff3765a77ac9a6c5bdb40da12055e969851cf077d807abcdc,900,435,JPEG,d9d3929c9ad2e3e2,faf0dfad54c235cdc539cd9a90061825b77b9851cd209e793cfacc8e7ba190ed,2026-10-05,
CMA:114132,https://openaccess-cdn.clevelandart.org/1933.393/1933.393_web.jpg,data/images/cma/114132.jpg,ok,200,634698,5617efb1b71cb1e60755c81e8a2f0241bb60edd6827f27c525be7e7e6b31ff38,1263,548,JPEG,f892ca8acada8ace,cdde2487168f282e222d544e78be368e47dd0c260c0c27b75e74c683c2a74be3,2026-10-05,
CMA:119617,https://openaccess-cdn.clevelandart.org/1940.469/1940.469_web.jpg,data/images/cma/119617.jpg,ok,200,133581,59ef9c67f23b60ae6c6bb56a76173f55f3ec82f5a7fef1c52bc623b346187b2b,1075,893,JPEG,17331768e2d15133,5fd1b69beb1afc66b05387671577501a354df09c3b412fd174de70babdd33ad1,2026-10-05,
CMA:119652,https://openaccess-cdn.clevelandart.org/1940.494/1940.494_web.jpg,data/images/cma/119652.jpg,ok,200,454257,6c72bf147e7711018097cdfcb769d7c799eb0c44a35e6b08eebbfdb1bb807a6e,1263,377,JPEG,88cceccc86a08050,70b189d9bdca2a5f341fa4e72dd73ca12f9c7c61289f3fb384ccdd129d822e31,2026-10-05,
CMA:119653,https://openaccess-cdn.clevelandart.org/1940.495/1940.495_web.jpg,data/images/cma/119653.jpg,ok,200,460551,df9bb85cee45c05d507f0d056d4467d2c600d46922419c18349195da1dc69404,1263,447,JPEG,3bbb27278d8f8f0f,415fa02e8a0ca2765a6f6c510bccec9e05d5b8fad3886006118113b1f6e2d402,2026-10-05,
CMA:119654,https://openaccess-cdn.clevelandart.org/1940.496/1940.496_web.jpg,data/images/cma/119654.jpg,ok,200,261362,74036b27b6f1108d7162f373d444d642c4e008f919e2f5b6619a10e929654f75,398,900,JPEG,d4d6ca4a2ab2b6a2,90f09864f553c0d697676dfbdbad4d4130be6e518af7cce0d92bdd7e8a6e46d6,2026-10-05,
CMA:119655,https://openaccess-cdn.clevelandart.org/1940.497/1940.497_web.jpg,data/images/cma/119655.jpg,ok,200,686337,2af8c7985724aa01307db4713b572d7623b5d434b45543ef0fddd2fd71f7ec0c,1263,578,JPEG,969eaeaeaeae92a0,f5afc210a4b66cdbefc338850549fc8a98c8d26ee99f0226b719ac04d0a6669c,2026-10-05,
CMA:119656,https://openaccess-cdn.clevelandart.org/1940.498/1940.498_web.jpg,data/images/cma/119656.jpg,ok,200,83466,ec3532effa6a2ba3e0a4ba78fb426a3e197088ebb83a458e13e3af7f7281030c,750,678,JPEG,e292aaeaaab2a2ea,9b8f0be964fccdd0763f9cebf07593e9b2ed0fd314b27e54f6ea05885731f31c,2026-10-05,
CMA:119675,https://openaccess-cdn.clevelandart.org/1940.514/1940.514_web.jpg,data/images/cma/119675.jpg,ok,200,676551,5205614009d203517200bc89a51b97c7eaf8cd41de5397c458512592c83a52e8,780,893,JPEG,8e8e8cacb696aa9a,dc162cbc5e38b231dc73d1b7fa7dab52a5c3a3ba9bf884c92aa6272d4fa19096,2026-10-05,
CMA:119676,https://openaccess-cdn.clevelandart.org/1940.515/1940.515_web.jpg,data/images/cma/119676.jpg,ok,200,345598,cea0a91fa5f8fc90fdc4034fb2e272803b59a2f2f6fe83273b0019241993d8e1,1263,432,JPEG,8e828292929a92a0,3f171e3032c07e674735815bcc9113fbf6efadcca9550ecdd368f2ba2aab055d,2026-10-05,
CMA:119677,https://openaccess-cdn.clevelandart.org/1940.516/1940.516_web.jpg,data/images/cma/119677.jpg,ok,200,190501,c34bd781b64beb01dc054ede6dd9ece8fd9fb03f5fc9fd916b4b9650ff892edf,336,893,JPEG,6971554d69686464,7b63c51dd5c1a05b9cf5d0f5d3d12c3f2cb78cb5e86fb78924c14eb6a4d9ac53,2026-10-05,
CMA:119678,https://openaccess-cdn.clevelandart.org/1940.517/1940.517_web.jpg,data/images/cma/119678.jpg,ok,200,251540,3cd33082e2df2d840eed0bdf6696d088da21a284ffea9e50ccb122c1630bcd61,372,893,JPEG,4b49496968e4c4d4,cf959f6fa3a61fd631d5eab48ede4c052d82cc36f91072e34fb74ab462767d43,2026-10-05,
CMA:119679,https://openaccess-cdn.clevelandart.org/1940.518/1940.518_web.jpg,data/images/cma/119679.jpg,ok,200,479064,15d840877673b4d71150663401c1e6726072ae69f81e31a8f919c40b9989418a,533,893,JPEG,70ecec9a1ef68ef2,cd1811ee39f52a300a9e4adece6fc293b6f28739a6d07eeaefcfe958c9cd4174,2026-10-05,
CMA:119680,https://openaccess-cdn.clevelandart.org/1940.519/1940.519_web.jpg,data/images/cma/119680.jpg,ok,200,355392,046b556cbb809c5f3bcd18b47a2647e605c80e4a3599c8a3b43db734b20dadfc,489,893,JPEG,e9657571dcc4e0e8,edd63b451819b423e8852cf0ca4c15635fcd46a0e22bc89e2c85fbd080eafe11,2026-10-05,
CMA:119682,https://openaccess-cdn.clevelandart.org/1940.520/1940.520_web.jpg,data/images/cma/119682.jpg,ok,200,170163,ea9f6ae3364c594d8ad7d3a55e478ac7638e19c9ea79f405f97b034c466f2533,509,900,JPEG,d2f22269e8f4c4d4,f0762ba42e95e1f1b4f6b6377af0f3b60bc3a45e1ba725585b517e4ab258d43b,2026-10-05,
CMA:119683,https://openaccess-cdn.clevelandart.org/1940.521/1940.521_web.jpg,data/images/cma/119683.jpg,ok,200,219768,d8b0dab52942203e04db28f070b190b990b5d2e1cef935590e04c15685fac1ca,565,900,JPEG,70cccdccccd4c098,1a0044af47397cee0bbb51c9807a19a66177dee76ea917e9f134883ea145a749,2026-10-05,
CMA:119684,https://openaccess-cdn.clevelandart.org/1940.522/1940.522_web.jpg,data/images/cma/119684.jpg,ok,200,400281,f9ccd4c9de2f07c0821e77b34b87832ef31924a1198be1e4e22ffd9786fd11e2,493,893,JPEG,70c2eee0d8848490,07c49eb4105a15dafa44779a535228883cd584366de9d80cd9815658ad5fa94a,2026-10-05,
CMA:119685,https://openaccess-cdn.clevelandart.org/1940.523/1940.523_web.jpg,data/images/cma/119685.jpg,ok,200,199636,9807b1148ba1993a76615af722a726142ae8da9119ca9dba48f5e6d6f8875d1f,526,900,JPEG,f1e94cecd0d4d6d6,5c64d2ad2c13bf83222410ca3fd5f8d294d9abcd93aad08c02581ba7904f7f95,2026-10-05,
CMA:119686,https://openaccess-cdn.clevelandart.org/1940.524/1940.524_web.jpg,data/images/cma/119686.jpg,ok,200,212249,d85b7ce49168604662379a9a31e4245e7d0c74477f7d056bee18e031d2c14c3f,549,900,JPEG,b26262f1c4d4e4cc,9793124e5797f82a7080afba1a9cc0133065537193eea22bdf62684e906bdd16,2026-10-05,
CMA:119687,https://openaccess-cdn.clevelandart.org/1940.525/1940.525_web.jpg,data/images/cma/119687.jpg,ok,200,401422,df60750814b3ac602459f694d00b382296057788d023011b5c963e3aa11ef5cb,563,893,JPEG,ecccd64dccf4ccd0,8d24f4c38dfb2ee134828c41e2666967169bfa59ad5b5708248cb22ac47bbafd,2026-10-05,
CMA:119688,https://openaccess-cdn.clevelandart.org/1940.526/1940.526_web.jpg,data/images/cma/119688.jpg,ok,200,491880,38d027b319a8f681136e5f41927611da16c62213e8a9275071decceb193e2039,585,893,JPEG,047cfa8ef2d6d666,2f81020384e4b6b8ed974dcfe7ea61072413baaadb714e50767d0d5ab27538df,2026-10-05,
CMA:119689,https://openaccess-cdn.clevelandart.org/1940.527/1940.527_web.jpg,data/images/cma/119689.jpg,ok,200,221155,bb188a892a1cee5b57645335cd34651c1c934df001f52a7c2779a21191b52e56,550,900,JPEG,3068ccccccd4c4d4,65a5b1f4d0fbf0be199a0e3ba610579142cb67f15155e19f10afb76be7849020,2026-10-05,
CMA:119690,https://openaccess-cdn.clevelandart.org/1940.528/1940.528_web.jpg,data/images/cma/119690.jpg,ok,200,815815,588a2bbadc36698709355dcd18c27c0450220eb378afaf3d80360626d22a698f,1188,893,JPEG,aa1b152b554b8b8b,49cfefeb5f504a29f35784fecec2548e51b448edb384eb5a8444f43b936c20e0,2026-10-05,
CMA:119693,https://openaccess-cdn.clevelandart.org/1940.530/1940.530_web.jpg,data/images/cma/119693.jpg,ok,200,95485,cabe2eee67f9f084dc3953c3f0f2a64615c473744bfe2d17bf49ea688cde7d06,1263,344,JPEG,3a70747664644c8f,fef44562e52f43ad84d6b0747f8c6a48a9db0faba7bf88310ece086579f017b6,2026-10-05,
CMA:124412,https://openaccess-cdn.clevelandart.org/1945.378/1945.378_web.jpg,data/images/cma/124412.jpg,ok,200,62010,88c1f2a6b742dba1f1a53e0647929fb402a1afa1a0f87fd18f1ebd1e44a9a0d3,750,609,JPEG,1523c8c8d0c8e8c0,90e42735bf2196ea332c721f0b5e10e912240aea6331b3a77ff50ce81733e193,2026-10-05,
CMA:124413,https://openaccess-cdn.clevelandart.org/1945.379/1945.379_web.jpg,data/images/cma/124413.jpg,ok,200,143795,1843343ddbb874f23211484b47f9ae2d1ca93d5984ea98ba2689c48cf012b3a1,750,747,JPEG,b9b4c898acaeaeee,097a74824a8d39bc589148259b99c72e9bf78307661c3162e847c5bcbca07f67,2026-10-05,
CMA:124739,https://openaccess-cdn.clevelandart.org/1946.226/1946.226_web.jpg,data/images/cma/124739.jpg,ok,200,827760,17f7d82b341fe0b24c6df72e7db58ff85a2ffaf52064588ffc27c00ea6a54186,1263,682,JPEG,fed8d496c6b4a6b2,19206bc9315b43ee25b757f56810dccf1a27e2d0cd9da88093e7a74e44ced657,2026-10-05,
CMA:124740,https://openaccess-cdn.clevelandart.org/1946.227/1946.227_web.jpg,data/images/cma/124740.jpg,ok,200,643510,245febf3b4436755fbbfa5e2a89cd21d8f1c1bbedaed448efa480a14c747dbed,753,893,JPEG,ceccc4ba1686ece4,0a4261fba5304ab462c1aedddb50f1ac0d37db94ba3022e762379e535b4c4411,2026-10-05,
CMA:124741,https://openaccess-cdn.clevelandart.org/1946.228/1946.228_web.jpg,data/images/cma/124741.jpg,ok,200,270355,0642ca4c36c5227abf9fec126e3f5dbaf8f573c966f795f7f29e36a9a6f09484,900,519,JPEG,aaaaaaaa94959515,87ca649f479b41243783b98b85ee3628cb9530c6943d9b6f25547c1bb5e2252d,2026-10-05,
CMA:125095,https://openaccess-cdn.clevelandart.org/1946.75/1946.75_web.jpg,data/images/cma/125095.jpg,ok,200,820160,96145bef7edbcbfe819ba8d09c445d153d0f326fb4a3fa6d0a4aeaa35dd7ab40,858,893,JPEG,ead2cace9cdae2ce,ec41bfbadb9db614a0c5c6374cb30847899ef8b9a8506c477f148b3163098e62,2026-10-05,
CMA:125339,https://openaccess-cdn.clevelandart.org/1947.291/1947.291_web.jpg,data/images/cma/125339.jpg,ok,200,62541,291f52743fe9ab7d31976798edc5947d56e6d76f0e505dc0b9c84c74875f29ad,750,639,JPEG,0b0464e4cce8a4e4,5560da907a79fb6096a6cb4d5048dc99988786a1301e3b06a35603b5d762ce75,2026-10-05,
CMA:126684,https://openaccess-cdn.clevelandart.org/1949.12/1949.12_web.jpg,data/images/cma/126684.jpg,ok,200,789252,3d6c9365fac20eb2798f6ff293d81e7d0f455521522d48b5142a99285a90ee28,891,893,JPEG,dad2e8a8b6b2b2b2,6ecd02154da39fdfc9b219883f1c7fa6e32d9eb3be3ceeec77b281d67de6aede,2026-10-05,
CMA:126795,https://openaccess-cdn.clevelandart.org/1949.192/1949.192_web.jpg,data/images/cma/126795.jpg,ok,200,198756,8f71325be6462b153bb848d9b6af39f68d71201129f49ca522fe382ea48fa621,900,757,JPEG,234d54dcd4dcd4f0,a680b0759c155631763fe34901b7ba2b8b9d2af095a5f2c8524450621903c0ee,2026-10-05,
CMA:126796,https://openaccess-cdn.clevelandart.org/1949.193/1949.193_web.jpg,data/images/cma/126796.jpg,ok,200,215147,47e0af2e606515f434456497b652a2418b53651e1d53d989d13013986fe8e550,900,823,JPEG,136d6cdcdcccccf8,834ff093bc686e05bd6b03b2aa8de5576a7cf2744a2e8d39d457f4c0ccaa6878,2026-10-05,
CMA:128454,https://openaccess-cdn.clevelandart.org/1951.393/1951.393_web.jpg,data/images/cma/128454.jpg,ok,200,527735,3b59679df9f2cbf59b418f65b0e912c6369dd0a7fcd878507cd62c819c2814d6,725,893,JPEG,ba9e8e8a96ae8abe,24d24704557ba1f8cdc9a71849534b3697cb6f8047dfdf99afac82b06b1568e4,2026-10-05,
CMA:130555,https://openaccess-cdn.clevelandart.org/1953.288/1953.288_web.jpg,data/images/cma/130555.jpg,ok,200,807042,91f6799433f014738ad7617663291c5e0f62d9ce42c28216c0fe87c88a89f8d3,1263,706,JPEG,d8fadadada98cece,460cd0a90b14c1b76cc79ac880ce217887ca783f52b82a339c6be476ddd050c7,2026-10-05,
CMA:134395,https://openaccess-cdn.clevelandart.org/1956.84/1956.84_web.jpg,data/images/cma/134395.jpg,ok,200,98386,a7b2292329229bd51f06bd022960480cd8782e5be241460e6b4052735f78ed7b,750,712,JPEG,b4b6d296d2d094d2,dd8792175a9fee9b57533f0c7e15f8853b9d7037ac5cd7d824581c8fac6d6964,2026-10-05,
CMA:134604,https://openaccess-cdn.clevelandart.org/1957.136/1957.136_web.jpg,data/images/cma/134604.jpg,ok,200,626267,51a208027b47fbdb94b03d3da6356099a6f42b33c308a72537054f7616961e2d,805,893,JPEG,b2aee8cacc96a2ae,96312c3e0306769d64d2eb2999e22d067ae1f7ee7bf5aa8d64415dd57039e22e,2026-10-05,
CMA:134765,https://openaccess-cdn.clevelandart.org/1957.340/1957.340_web.jpg,data/images/cma/134765.jpg,ok,200,715513,a0548dc83978328a8e3655933af5955fe44a0c7f748f6d2072618b1301a46e2e,1263,663,JPEG,6ececedc921cac9d,306bf2c637d1568cd77197b3e9168231279b0355f9ad42286ae8ce2482d5dd13,2026-10-05,
CMA:134948,https://openaccess-cdn.clevelandart.org/1957.495/1957.495_web.jpg,data/images/cma/134948.jpg,ok,200,810556,84e824b83ba638c371a12f589d353a369060efbb4f797e0348aff81fb4d48abb,883,893,JPEG,ce58d88caae0698c,ea582ce940ab5f6c9389ece3a7f47d3009e8d21931fbeb3601162814d70064f9,2026-10-05,
CMA:135408,https://openaccess-cdn.clevelandart.org/1958.412/1958.412_web.jpg,data/images/cma/135408.jpg,ok,200,743388,611766c0a39d55b6e2f15f956a0240db69b958fcc40c522ca44bbf22c4cdae49,873,893,JPEG,e2b28e8cb0b2b086,3644b21c0f133ff7d358ab33d35aed4124e2efdd465b5a99f55cc22408801209,2026-10-05,
CMA:137312,https://openaccess-cdn.clevelandart.org/1962.240/1962.240_web.jpg,data/images/cma/137312.jpg,ok,200,81816,62e7d5dc6a0c287a8d37b806eed3edefac575a63db5099031d47570dfaaebd8a,750,650,JPEG,feb2ba9a92a6a68e,3f562281898f900923ac93c9f0640913adec934918ffe81662cd6a7839b0f4cf,2026-10-05,
CMA:149062,https://openaccess-cdn.clevelandart.org/1977.190/1977.190_web.jpg,data/images/cma/149062.jpg,ok,200,1074457,b3c1365eca65ee4842e0c821e61ad1b625f94a5948bcf7b6ddbe8d517d32afd6,1263,892,JPEG,cb85a291c8e4b2e2,cdeb856717d67c4ee0e1c524c06baddd9a1c266cdefa9fe6cbf01377aaff1ec2,2026-10-05,
CMA:152258,https://openaccess-cdn.clevelandart.org/1985.139/1985.139_web.jpg,data/images/cma/152258.jpg,ok,200,371076,2f24b98bf19630d9344cef42f21be96bd661d7bd18a5dec28fe5492b6aaef595,495,893,JPEG,9a8fcd93cd4dcc4d,db06296cf6eb102e1493b0d86fa7c5fe41c1a5619d524a2db1713b25803c9c48,2026-10-05,
CMA:152334,https://openaccess-cdn.clevelandart.org/1985.193/1985.193_web.jpg,data/images/cma/152334.jpg,ok,200,144094,fd26c82426681e52e920159009acfc2e13f46b4fb6735d8f0f80bad4653c1f14,181,893,JPEG,c4d4d4d4d0d4d4c4,88021eb40a4dd1b54f5e12cdda25ef70ed66d0b66b3fc4f645b4ea92ac47c85b,2026-10-05,
CMA:152819,https://openaccess-cdn.clevelandart.org/1985.7/1985.7_web.jpg,data/images/cma/152819.jpg,ok,200,368545,b071f6d2a52222761a8e65071d105a8335313fbf947a14f205f4625ce568be6d,555,900,JPEG,82a2a2b2b2b2aaa6,1788bf458dfac6365b3aa252c3a56787839d8320ae4b237ac9f3efc747ea6e64,2026-10-05,
CMA:155505,https://openaccess-cdn.clevelandart.org/1990.225/1990.225_web.jpg,data/images/cma/155505.jpg,ok,200,352751,9d286956281ffda27b197b5feadcc3c357a1c5b9bb3fdea90f246b75e7ab8185,900,827,JPEG,b2baa2a8b2b296b4,a1dd7f7f5f66e85eb35a6b0d7d298ce0fa79966dcd41b22f9729093667a07b44,2026-10-05,
CMA:155829,https://openaccess-cdn.clevelandart.org/1991.141/1991.141_web.jpg,data/images/cma/155829.jpg,ok,200,146866,918ea256f80164738b549c67cc365bd1582ca15111c55d4258c975f96d4507d1,600,900,JPEG,737373c9c9c9d0f8,bdf17c1257d5616a34bf3121725b6477e54ccf4a2958240836e1d63fb5a579f8,2026-10-05,
CMA:155934,https://openaccess-cdn.clevelandart.org/1991.223/1991.223_web.jpg,data/images/cma/155934.jpg,ok,200,185448,7c9d4b1b5146f77eece3623089cc561771b3ebb850fe30e7920a4c234ffc3182,392,900,JPEG,e68eccaaaac4c4d0,340c5003096bed325c0764608c46b93b4e8533b567535cff9acc050ca837dacc,2026-10-05,
CMA:156237,https://openaccess-cdn.clevelandart.org/1992.103/1992.103_web.jpg,data/images/cma/156237.jpg,ok,200,399726,cb4328bbc47bffc60f7fb62bfc0d35d0b1d0ee1ac9e09fbac9b7011e4cc98141,466,893,JPEG,dae0a2d2c2e6e6d8,df509b25e4a3ad6cdf0d4fd1781c47d0c57fc9361de39e5ca25787c027522412,2026-10-05,
CMA:156248,https://openaccess-cdn.clevelandart.org/1992.104/1992.104_web.jpg,data/images/cma/156248.jpg,ok,200,943898,cce8caedc67d5eb052eed858306bd2a6dd10ca00be7fb41cf5b885de652f17e8,1263,855,JPEG,4d4d4d4d4d4d4d4d,162228f63e1d97ece130e08cb1d0f2091300c2be907921db10e608962da54bf7,2026-10-05,
CMA:156260,https://openaccess-cdn.clevelandart.org/1992.105/1992.105_web.jpg,data/images/cma/156260.jpg,ok,200,832631,29e51b3d5a981001660b1fb733a83d7ea824889e261f1ade5c7e86e101d639b2,1263,688,JPEG,b333139333331313,3a22abb53a4cff98998dce103e0c7e13e00f12a8b682a9273e9c74df9c16e453,2026-10-05,
CMA:157111,https://openaccess-cdn.clevelandart.org/1993.242/1993.242_web.jpg,data/images/cma/157111.jpg,ok,200,546446,165ca455a33178b4c40dac551836394a00532ea9ac62f532913ae27ca3102b8e,685,893,JPEG,3032323232323210,43dd218360740fc6e1646acc66f307e44b28809fd5ff11a049e28957f3e9b308,2026-10-05,
CMA:157112,https://openaccess-cdn.clevelandart.org/1993.243/1993.243_web.jpg,data/images/cma/157112.jpg,ok,200,588014,41726e1f9df5d03f756c5469454aa38ddbe8420503bab89cc8dcbb3eaffcad28,710,893,JPEG,3032323232323210,2ff0e874ecc6f69f6dbbba6b608b4840b358d57e35336e64522fc0ae177db573,2026-10-05,
CMA:159839,https://openaccess-cdn.clevelandart.org/1997.150/1997.150_web.jpg,data/images/cma/159839.jpg,ok,200,115329,000832f40afcd569dc1ab1b60abf2e09ab973fb44a7d580a4fc80c6bd50a289c,1006,893,JPEG,03970f097569696c,53aa9bbe5b31fc1f45ed035e54e7c5a9337ca26bdae5bb4b5b9d2c7419cd654a,2026-10-05,
CMA:160691,https://openaccess-cdn.clevelandart.org/1998.52/1998.52_web.jpg,data/images/cma/160691.jpg,ok,200,557131,862a5abed3061040badd421e9bc62aeddb02049c0ea5c45577c50b5514646f4d,706,893,JPEG,656cececec28ac6c,215adb726bbb3e343a890d64d134365925d853d199babbd2b58a9e693552a445,2026-10-05,
CMA:160692,https://openaccess-cdn.clevelandart.org/1998.53/1998.53_web.jpg,data/images/cma/160692.jpg,ok,200,604848,e3e5b185c8cd6e6a93803fa9985063c09bc4d2a311b3139ae793f246eb5bb740,768,893,JPEG,6961f1e0d4d89ac0,a8908543d1766d13e9e2da6f43aa7ff24b99cdb5452aeb542a2be0a83e31ad75,2026-10-05,
CMA:162398,https://openaccess-cdn.clevelandart.org/2002.93/2002.93_web.jpg,data/images/cma/162398.jpg,ok,200,578090,20ffaa106395e72ba33f498423d6ce99b6f4692fe3907545dfac0493a1ee9ff4,1263,472,JPEG,a4a4a4a4dadadafa,7556478046c664ce80768d3c64753aea7e547378ff4d44dc36306fe5658e532c,2026-10-05,
CMA:163622,https://openaccess-cdn.clevelandart.org/2005.13/2005.13_web.jpg,data/images/cma/163622.jpg,ok,200,121572,e7378a5b05f856e67748409b04bbb8606c2befb38508a03519199f299047c4d5,211,900,JPEG,c2c2deda82c2e6ca,0a250c693301033d64781cdd36eaffc077113713ab1b4e11786cd02d542e9db3,2026-10-05,
CMA:163640,https://openaccess-cdn.clevelandart.org/2005.14/2005.14_web.jpg,data/images/cma/163640.jpg,ok,200,105105,6ed53ccf66e33be963f6a29e9fcdd70b0cfd7d6ebfd0bada9d8d61c824d56304,243,900,JPEG,8a96a4a2a2a2cc8e,14fd6341628fbb15a237d257f93ffc9666793e6628be2f4c36dd25aafde3c5ce,2026-10-05,
CMA:163676,https://openaccess-cdn.clevelandart.org/2005.15/2005.15_web.jpg,data/images/cma/163676.jpg,ok,200,659219,7849e36041ca4c267f873befcd0886fed60fb0bcda9ed6ecca350a6cb3a92c5b,1263,542,JPEG,f0d0d2d2b43474c6,6f7273946309ebb126a3d6bddde6c1a05ecdbf7ca6551cf1192777f70a46c715,2026-10-05,
CMA:163708,https://openaccess-cdn.clevelandart.org/2005.16/2005.16_web.jpg,data/images/cma/163708.jpg,ok,200,275460,92a9f0112be2934b1543dfc6c43d910fec6647b3a1577e95d2afa59f12bff578,900,665,JPEG,aeaa8ebaaeaeaa86,348152709f8b5dabd471c1c5b1ff0be4279df6ab0cad41639ae24f3c45c46b9d,2026-10-05,
CMA:163724,https://openaccess-cdn.clevelandart.org/2005.17/2005.17_web.jpg,data/images/cma/163724.jpg,ok,200,489691,97a38e8dc5045785d4d30a50143bd03c7ce1592e5ade7772fae05d622ab054e8,860,900,JPEG,1353777775754d4d,fc2be2d7d08e9c02148f07a242cda2b50be1c4698153697617b6b306f99f7624,2026-10-05,
CMA:163758,https://openaccess-cdn.clevelandart.org/2005.18/2005.18_web.jpg,data/images/cma/163758.jpg,ok,200,897083,f507d70030ce409aa6b3acb7a8978ea4bab3bdff6581b590386008017f233655,1263,822,JPEG,f4fc746090808296,6e3cb8b8afb0b154eb92e2e89829f0aadd7a8b196cc7098c03054006b1fbe040,2026-10-05,
CMA:163781,https://openaccess-cdn.clevelandart.org/2005.19/2005.19_web.jpg,data/images/cma/163781.jpg,ok,200,988142,7086e40ffc37f1687e1f039de2510465b40845dd924a68bfea9bf1f372e71343,1254,893,JPEG,9ad2dec6921e9e9d,1a98708895bc205adeee6d7ea7d19fa991f7bbeec03ee5bd38bc767d73d78c77,2026-10-05,
CMA:164419,https://openaccess-cdn.clevelandart.org/2005.5/2005.5_web.jpg,data/images/cma/164419.jpg,ok,200,163951,b1d732c460968e25b3338083c0a0543f75765692989a4110b1b3f46d811279b5,900,538,JPEG,d2929a98989890b6,94de493531ca80fd3702ca826a31eeba5bd8dfb127fc4bfe02f998a31c7ef4fe,2026-10-05,
CMA:164421,https://openaccess-cdn.clevelandart.org/2005.5.2/2005.5.2_web.jpg,data/images/cma/164421.jpg,ok,200,217713,8df41ff16ae86e0861527799886779c2016c4da1c569d93ad9399e517339dd00,800,900,JPEG,3f07070f96170727,10642ea176d081e36a175cf5fdf179e883fdb54df8d3ece70f529a525e04235e,2026-10-05,
CMA:164422,https://openaccess-cdn.clevelandart.org/2005.5.3/2005.5.3_web.jpg,data/images/cma/164422.jpg,ok,200,107760,6a6039e2fd97c4310a6dc538318c9882e69db1058d48c191ace50230a5de3207,417,900,JPEG,9333331353333333,95a615425d8f403be89d8bc3d1e138382c22b5ff52c7ff2a6309dd6d6087cb24,2026-10-05,
CMA:164423,https://openaccess-cdn.clevelandart.org/2005.5.4/2005.5.4_web.jpg,data/images/cma/164423.jpg,ok,200,69691,beb120b0ed045af2fb3c5db0a6b8b4d194ae72c4f8a545a6bb7361d791d75cb8,382,900,JPEG,868686b9bb3b3b3b,19a54544f9dafb8c35fb1ebba48caf89af292687183a54f114d4c159a40fa74d,2026-10-05,
CMA:164428,https://openaccess-cdn.clevelandart.org/2005.53/2005.53_web.jpg,data/images/cma/164428.jpg,ok,200,471613,66f069807670a192f2f024c137fd0e1e258e6ea0dbc2fb39cc27802b927f84ba,900,750,JPEG,9ec4ecac8eca888a,c3d8234bae15daf3104d5d3e68a982306b132f5bc05c8b99d91194ed1798cb12,2026-10-05,
CMA:164429,https://openaccess-cdn.clevelandart.org/2005.53.a/2005.53.a_web.jpg,data/images/cma/164429.jpg,ok,200,352734,1d1a710b1547ecbc9db508d4c70c275f6111c8447c5a1399d03f3bead69ab622,539,900,JPEG,adadacacacacacac,b7f777f53456b9a7fb06bdfe5988ac67ed4302a9d1eb4259c5fdb13222142ba3,2026-10-05,
CMA:164430,https://openaccess-cdn.clevelandart.org/2005.53.b/2005.53.b_web.jpg,data/images/cma/164430.jpg,ok,200,348478,a07dd89d16e16340f0f54c867e2c247fc5b67f6531bcebdd89c70385726fe09a,543,900,JPEG,4a4a4a4a4a4a4a4a,a27c3c5f188e1653cf1217982645b609cc6654daf2e06797a3426963aaa0c989,2026-10-05,
CMA:165184,https://openaccess-cdn.clevelandart.org/2007.179/2007.179_web.jpg,data/images/cma/165184.jpg,ok,200,731117,f2558f278ee7657c05fc3e5015219a4036b5694226ae9fb9e106d70f722636a1,915,893,JPEG,55d5555555555454,8763b7ce8b463e1cfbdc846e2a3d0459e3bf4f4b7c11c3646db6463cf44010f7,2026-10-05,
CMA:165266,https://openaccess-cdn.clevelandart.org/2007.2/2007.2_web.jpg,data/images/cma/165266.jpg,ok,200,278824,c9db7a0bcef53a510d8eeaea447f819a17c8f1a1912afee33073c1d6c10115e1,606,900,JPEG,eccce8f0d4d8d8ea,3281c2bbacce104857b90de29b7f222c0073df4db30118813b812ba4dc691739,2026-10-05,
CMA:165267,https://openaccess-cdn.clevelandart.org/2007.2.1/2007.2.1_web.jpg,data/images/cma/165267.jpg,ok,200,278826,6dfbd8304a13d947e79002e9c94a838b4233f7b80461fac24b53c4ca680685c1,606,900,JPEG,eccce8f0d4d8d8ea,3281c2bbacce104857b90de29b7f222c0073df4db30118813b812ba4dc691739,2026-10-05,
CMA:165268,https://openaccess-cdn.clevelandart.org/2007.2.2/2007.2.2_web.jpg,data/images/cma/165268.jpg,ok,200,274769,7bacf138eeb562fa3514b90f3e0895d68bd83c662e60bdd4669596ff040ead85,633,900,JPEG,dcccc8f8b4b0a1cb,4260ae3c462e62e851c79ade1f9e3f097a4bfa72583b0aaa20c55a59c86c0918,2026-10-05,
CMA:165269,https://openaccess-cdn.clevelandart.org/2007.2.3/2007.2.3_web.jpg,data/images/cma/165269.jpg,ok,200,334455,66f4a98d1252319d2860b24902d4726f722e67a44cb82b5ff1a260f24c199bfa,688,900,JPEG,a0a0c8e99491d9e8,89f7763682ebac3b32a0042862a834d6e67c790a44ba5bfe7d6956a459f4aa33,2026-10-05,
CMA:166766,https://openaccess-cdn.clevelandart.org/2008.58/2008.58_web.jpg,data/images/cma/166766.jpg,ok,200,427571,eedd6547e66bf8f737d7fa3ed405832282e166c5f5c3daba55b4b17d6fc70195,768,893,JPEG,9eaeeac2cacacade,cb780f5841dd1a2f2e2254992d18ccca43ae6878babe904a94ddad2a5b6d7575,2026-10-05,
CMA:169189,https://openaccess-cdn.clevelandart.org/2011.111.1/2011.111.1_web.jpg,data/images/cma/169189.jpg,ok,200,96192,0a9b576c0584f69c0d1cd9c86f2c054e4adf037202bbb6c3eb2f6b660382a770,900,375,JPEG,5313171717171713,dd7ee0d18bf1f2cf8c7d5d560314f44676dbfba5d4774242eca991504fe5400c,2026-10-05,
CMA:292530,https://openaccess-cdn.clevelandart.org/2016.267/2016.267_web.jpg,data/images/cma/292530.jpg,ok,200,228253,fcf80b339489ff5a3400e55e787674349a65f60700a677a91a60f9bef3ec1b94,900,592,JPEG,0f1cb2529a9a9a0f,afa3a53ffa0ac7cf67ddfe2e73b95123e38cd43871b1c107c2ed8c792f1cef96,2026-10-05,
CMA:302272,https://openaccess-cdn.clevelandart.org/2017.193/2017.193_web.jpg,data/images/cma/302272.jpg,ok,200,101778,99d20c8bfa487722ce9e327d8efede0dc2abef4ff724d92fff186aa8f670f489,900,342,JPEG,f88a82d8c8cc3ca2,d46e28fa5a9e56006e4e52dd391e0f6282caf7c52b35a11c986dbd110d344790,2026-10-05,
