id_fuente,corpus_actual,corpus_final,decision_revision,motivo_revision,observaciones_revision,revisor,fecha_revision,titulo_original,titulo_es_sugerido,cultura,fecha_objeto,procedencia,tipo_objeto,tipo_superficie,material,material_normalizado,tecnica,estado_curacion,destino_curacion,motivo_curacion,url_objeto,url_imagen,ruta_imagen_local,licencia,origen_curacion
315691,revisar,revisar,revisar,recuperado_por_filtro_corregido,Excluido por el filtro v1 (excluido_no_textil); el filtro corregido del 2026-10-05 lo clasifica como aceptado_textil (puntaje 11). Pendiente de revision visual.,,,"Border Fragment, Figure",Fragmento textil,Nasca,2nd century BCE,Peru,borde_textil,borde_o_fragmento_lineal,Camelid hair,,,pendiente_revision,revisar,"clasificación contiene evidencia textil: ['textiles'] | material contiene fibras o soporte textil: ['camelid'] | título contiene términos débiles asociados a fragmentos o paneles: ['fragment', 'border'] | evidencia cultural/geográfica andina: ['peru', 'nasca'] | clasificación mixta textil/no textil, sin penalización: ['sculpture'] | título con término no textil, sin penalización por evidencia textil: ['figure']",https://www.metmuseum.org/art/collection/search/315691,https://images.metmuseum.org/CRDImages/ao/original/DP18465.jpg,,Dominio público / Open Access según metadata de The Met,recuperado_filtro_corregido
315692,revisar,revisar,revisar,recuperado_por_filtro_corregido,Excluido por el filtro v1 (excluido_no_textil); el filtro corregido del 2026-10-05 lo clasifica como aceptado_textil (puntaje 11). Pendiente de revision visual.,,,"Border Fragment, Figure",Fragmento textil,Nasca,2nd century BCE,Peru,borde_textil,borde_o_fragmento_lineal,Camelid hair,,,pendiente_revision,revisar,"clasificación contiene evidencia textil: ['textiles'] | material contiene fibras o soporte textil: ['camelid'] | título contiene términos débiles asociados a fragmentos o paneles: ['fragment', 'border'] | evidencia cultural/geográfica andina: ['peru', 'nasca'] | clasificación mixta textil/no textil, sin penalización: ['sculpture'] | título con término no textil, sin penalización por evidencia textil: ['figure']",https://www.metmuseum.org/art/collection/search/315692,https://images.metmuseum.org/CRDImages/ao/original/DP18467.jpg,,Dominio público / Open Access según metadata de The Met,recuperado_filtro_corregido
315693,revisar,revisar,revisar,recuperado_por_filtro_corregido,Excluido por el filtro v1 (excluido_no_textil); el filtro corregido del 2026-10-05 lo clasifica como aceptado_textil (puntaje 11). Pendiente de revision visual.,,,"Border Fragment, Figure",Fragmento textil,Nasca,2nd century BCE,Peru,borde_textil,borde_o_fragmento_lineal,Camelid hair,,,pendiente_revision,revisar,"clasificación contiene evidencia textil: ['textiles'] | material contiene fibras o soporte textil: ['camelid'] | título contiene términos débiles asociados a fragmentos o paneles: ['fragment', 'border'] | evidencia cultural/geográfica andina: ['peru', 'nasca'] | clasificación mixta textil/no textil, sin penalización: ['sculpture'] | título con término no textil, sin penalización por evidencia textil: ['figure']",https://www.metmuseum.org/art/collection/search/315693,https://images.metmuseum.org/CRDImages/ao/original/DP18470.jpg,,Dominio público / Open Access según metadata de The Met,recuperado_filtro_corregido
315694,revisar,revisar,revisar,recuperado_por_filtro_corregido,Excluido por el filtro v1 (excluido_no_textil); el filtro corregido del 2026-10-05 lo clasifica como aceptado_textil (puntaje 11). Pendiente de revision visual.,,,"Border Fragment, Figure",Fragmento textil,Nasca,2nd century BCE,Peru,borde_textil,borde_o_fragmento_lineal,Camelid hair,,,pendiente_revision,revisar,"clasificación contiene evidencia textil: ['textiles'] | material contiene fibras o soporte textil: ['camelid'] | título contiene términos débiles asociados a fragmentos o paneles: ['fragment', 'border'] | evidencia cultural/geográfica andina: ['peru', 'nasca'] | clasificación mixta textil/no textil, sin penalización: ['sculpture'] | título con término no textil, sin penalización por evidencia textil: ['figure']",https://www.metmuseum.org/art/collection/search/315694,https://images.metmuseum.org/CRDImages/ao/original/DP18471.jpg,,Dominio público / Open Access según metadata de The Met,recuperado_filtro_corregido
315695,revisar,revisar,revisar,recuperado_por_filtro_corregido,Excluido por el filtro v1 (excluido_no_textil); el filtro corregido del 2026-10-05 lo clasifica como aceptado_textil (puntaje 11). Pendiente de revision visual.,,,"Border Fragment, Figure",Fragmento textil,Nasca,2nd century BCE,Peru,borde_textil,borde_o_fragmento_lineal,Camelid hair,,,pendiente_revision,revisar,"clasificación contiene evidencia textil: ['textiles'] | material contiene fibras o soporte textil: ['camelid'] | título contiene términos débiles asociados a fragmentos o paneles: ['fragment', 'border'] | evidencia cultural/geográfica andina: ['peru', 'nasca'] | clasificación mixta textil/no textil, sin penalización: ['sculpture'] | título con término no textil, sin penalización por evidencia textil: ['figure']",https://www.metmuseum.org/art/collection/search/315695,https://images.metmuseum.org/CRDImages/ao/original/DP18473.jpg,,Dominio público / Open Access según metadata de The Met,recuperado_filtro_corregido
315696,revisar,revisar,revisar,recuperado_por_filtro_corregido,Excluido por el filtro v1 (excluido_no_textil); el filtro corregido del 2026-10-05 lo clasifica como aceptado_textil (puntaje 11). Pendiente de revision visual.,,,"Border Fragment, Figure",Fragmento textil,Nasca,2nd century BCE,Peru,borde_textil,borde_o_fragmento_lineal,Camelid hair,,,pendiente_revision,revisar,"clasificación contiene evidencia textil: ['textiles'] | material contiene fibras o soporte textil: ['camelid'] | título contiene términos débiles asociados a fragmentos o paneles: ['fragment', 'border'] | evidencia cultural/geográfica andina: ['peru', 'nasca'] | clasificación mixta textil/no textil, sin penalización: ['sculpture'] | título con término no textil, sin penalización por evidencia textil: ['figure']",https://www.metmuseum.org/art/collection/search/315696,https://images.metmuseum.org/CRDImages/ao/original/DP18475.jpg,,Dominio público / Open Access según metadata de The Met,recuperado_filtro_corregido
315703,revisar,revisar,revisar,recuperado_por_filtro_corregido,Excluido por el filtro v1 (excluido_no_textil); el filtro corregido del 2026-10-05 lo clasifica como revision_manual (puntaje 5). Pendiente de revision visual.,,,Feathered Crown,,Chimú,1200 – 1400 CE,Peru,tipo_no_determinado,revision_morfologica,"Feathers (Paradise Tanager, Macaw), cotton, skin, cane, copper",,,pendiente_revision,revisar,"material contiene fibras o soporte textil: ['cotton'] | evidencia cultural/geográfica andina: ['peru', 'chimú', 'chimu'] | material mixto con fibras textiles, sin penalización: ['copper']",https://www.metmuseum.org/art/collection/search/315703,https://images.metmuseum.org/CRDImages/ao/original/DP230213.jpg,,Dominio público / Open Access según metadata de The Met,recuperado_filtro_corregido
316914,revisar,revisar,revisar,recuperado_por_filtro_corregido,Excluido por el filtro v1 (excluido_no_textil); el filtro corregido del 2026-10-05 lo clasifica como aceptado_textil (puntaje 10). Pendiente de revision visual.,,,Feathered Ornament,Objeto textil,Peruvian,14th–early 16th century,Peru,objeto_textil,superficie_amplia,"Cotton, feathers",,,pendiente_revision,revisar,"clasificación contiene evidencia textil: ['textiles'] | material contiene fibras o soporte textil: ['cotton'] | evidencia cultural/geográfica andina: ['peru', 'peruvian'] | título con término no textil, sin penalización por evidencia textil: ['ornament']",https://www.metmuseum.org/art/collection/search/316914,https://images.metmuseum.org/CRDImages/ao/original/DP101345b.jpg,,Dominio público / Open Access según metadata de The Met,recuperado_filtro_corregido
316938,revisar,revisar,revisar,recuperado_por_filtro_corregido,Excluido por el filtro v1 (excluido_no_textil); el filtro corregido del 2026-10-05 lo clasifica como aceptado_textil (puntaje 10). Pendiente de revision visual.,,,Serpent ornament,Objeto textil,Inca (?),1450–1532 CE,Peru,objeto_textil,revision_morfologica,"Cotton, camelid hair",,,pendiente_revision,revisar,"clasificación contiene evidencia textil: ['textiles'] | material contiene fibras o soporte textil: ['cotton', 'camelid'] | evidencia cultural/geográfica andina: ['peru', 'inca'] | título con término no textil, sin penalización por evidencia textil: ['ornament']",https://www.metmuseum.org/art/collection/search/316938,https://images.metmuseum.org/CRDImages/ao/original/1994.35.113_d.JPG,,Dominio público / Open Access según metadata de The Met,recuperado_filtro_corregido
